{
  "label": "floor_d110",
  "n": 17,
  "idem_resid": 0.0,
  "row_sum_resid": 2.220446049250313e-16,
  "delta": 0.055,
  "d_poke": 0.11,
  "design_sigma_v": 0.5,
  "ell": 0.65,
  "ma": 2,
  "k_groups": 2,
  "mneg_lp": 0.055,
  "tau": 0.2345207879911715,
  "rho": 0.938083151964686,
  "kappa": 0.05863019699779287,
  "v": 15,
  "nW": 11,
  "W": [
    1,
    2,
    3,
    4,
    5,
    6,
    7,
    8,
    9,
    10,
    16
  ],
  "v_vertex": true,
  "H_dist": 0.11000000000000004,
  "max_height_vertex": 15,
  "max_height": 0.11000000000000004,
  "v_is_max_height": true,
  "target_vertex": 15,
  "H": 0.1100000000000001,
  "R": 2.1100000000000003,
  "sep_resid_Pg": 2.220446049250313e-16,
  "g_v_target": 0.0,
  "tstar": 0.05213270142180096,
  "tstar_over_kappa": 0.8891783430944892,
  "A": 0.0,
  "B": 0.05213270142180095,
  "gamma": 0.9478672985781992,
  "MU": 1.0,
  "ident_resid": 5.551115123125783e-17,
  "massbal_resid": 1.1102230246251565e-16,
  "B_minus_tstar": 6.938893903907228e-18,
  "v_fails_exposed": true,
  "witness_identity_ok": true,
  "depth_profile": {
    "E/H=0.0": 1.0,
    "E/H=0.1": 1.0,
    "E/H=0.25": 1.0,
    "E/H=0.5": 1.0,
    "E/H=0.75": 1.0,
    "E/H=0.9": 1.0,
    "E/H=1.0": 1.0
  },
  "m_star_observed": 1.0,
  "E_dmf_5delta_over_tau": 1.1726039399558574,
  "shallow_mass_g_lt_Hhalf": 0.0,
  "mu_rows": {
    "2": {
      "vertex": true,
      "inW": true,
      "class": "W-vertex",
      "o": 0.0,
      "within_rho": false,
      "g": 0.1100000000000001,
      "dist_over_rho": 1.8033182618114245,
      "mu": 0.1982642279452417,
      "g_over_H": 1.0
    },
    "3": {
      "vertex": true,
      "inW": true,
      "class": "W-vertex",
      "o": 0.0,
      "within_rho": false,
      "g": 0.1100000000000001,
      "dist_over_rho": 2.037839049802596,
      "mu": 0.09399882510163982,
      "g_over_H": 1.0
    },
    "4": {
      "vertex": true,
      "inW": true,
      "class": "W-vertex",
      "o": 0.0,
      "within_rho": false,
      "g": 0.1100000000000001,
      "dist_over_rho": 2.176426211478413,
      "mu": 0.03238447370510429,
      "g_over_H": 1.0
    },
    "5": {
      "vertex": true,
      "inW": true,
      "class": "W-vertex",
      "o": 0.0,
      "within_rho": false,
      "g": 0.1100000000000001,
      "dist_over_rho": 2.176426211478413,
      "mu": 0.03238447370510428,
      "g_over_H": 1.0
    },
    "6": {
      "vertex": true,
      "inW": true,
      "class": "W-vertex",
      "o": 0.0,
      "within_rho": false,
      "g": 0.1100000000000001,
      "dist_over_rho": 2.0591658174828273,
      "mu": 0.08451717512690522,
      "g_over_H": 1.0
    },
    "7": {
      "vertex": true,
      "inW": true,
      "class": "W-vertex",
      "o": 0.0,
      "within_rho": false,
      "g": 0.1100000000000001,
      "dist_over_rho": 2.0591658174828273,
      "mu": 0.08451717512690522,
      "g_over_H": 1.0
    },
    "10": {
      "vertex": true,
      "inW": true,
      "class": "W-vertex",
      "o": 0.0,
      "within_rho": false,
      "g": 0.1100000000000001,
      "dist_over_rho": 1.183263975773638,
      "mu": 0.47393364928909953,
      "g_over_H": 1.0
    }
  },
  "class_composition": {
    "W-vertex": 1.0
  },
  "sigma_v": 1.0550000000000002,
  "sigma_tilde": 0.0,
  "P_vv": 0.0,
  "nu_v": 0.055,
  "exchange_LHS": 0.1100000000000001,
  "exchange_bound_tstarR": 0.11000000000000003,
  "exchange_bound_kappaR": 0.12370971566534297,
  "shallow_fraction": 0.0,
  "ALL_SHALLOW": false,
  "gate": "PASS",
  "P": [
    [
      1.0,
      0.0,
      0.0,
      0.0,
      0.0,
      0.0,
      0.0,
      0.0,
      0.0,
      0.0,
      0.0,
      0.0,
      0.0,
      0.0,
      0.0,
      0.0,
      0.0
    ],
    [
      0.0,
      1.0,
      0.0,
      0.0,
      0.0,
      0.0,
      0.0,
      0.0,
      0.0,
      0.0,
      0.0,
      0.0,
      0.0,
      0.0,
      0.0,
      0.0,
      0.0
    ],
    [
      0.0,
      0.0,
      1.0,
      0.0,
      0.0,
      0.0,
      0.0,
      0.0,
      0.0,
      0.0,
      0.0,
      0.0,
      0.0,
      0.0,
      0.0,
      0.0,
      0.0
    ],
    [
      0.0,
      0.0,
      0.0,
      1.0,
      0.0,
      0.0,
      0.0,
      0.0,
      0.0,
      0.0,
      0.0,
      0.0,
      0.0,
      0.0,
      0.0,
      0.0,
      0.0
    ],
    [
      0.0,
      0.0,
      0.0,
      0.0,
      1.0,
      0.0,
      0.0,
      0.0,
      0.0,
      0.0,
      0.0,
      0.0,
      0.0,
      0.0,
      0.0,
      0.0,
      0.0
    ],
    [
      0.0,
      0.0,
      0.0,
      0.0,
      0.0,
      1.0,
      0.0,
      0.0,
      0.0,
      0.0,
      0.0,
      0.0,
      0.0,
      0.0,
      0.0,
      0.0,
      0.0
    ],
    [
      0.0,
      0.0,
      0.0,
      0.0,
      0.0,
      0.0,
      1.0,
      0.0,
      0.0,
      0.0,
      0.0,
      0.0,
      0.0,
      0.0,
      0.0,
      0.0,
      0.0
    ],
    [
      0.0,
      0.0,
      0.0,
      0.0,
      0.0,
      0.0,
      0.0,
      1.0,
      0.0,
      0.0,
      0.0,
      0.0,
      0.0,
      0.0,
      0.0,
      0.0,
      0.0
    ],
    [
      0.0,
      0.0,
      0.0,
      0.0,
      0.0,
      0.0,
      0.0,
      0.0,
      1.0,
      0.0,
      0.0,
      0.0,
      0.0,
      0.0,
      0.0,
      0.0,
      0.0
    ],
    [
      0.0,
      0.0,
      0.0,
      0.0,
      0.0,
      0.0,
      0.0,
      0.0,
      0.0,
      1.0,
      0.0,
      0.0,
      0.0,
      0.0,
      0.0,
      0.0,
      0.0
    ],
    [
      0.0,
      0.0,
      0.0,
      0.0,
      0.0,
      0.0,
      0.0,
      0.0,
      0.0,
      0.0,
      1.0,
      0.0,
      0.0,
      0.0,
      0.0,
      0.0,
      0.0
    ],
    [
      0.65832495807108,
      -0.055,
      0.39667504192892,
      0.0,
      0.0,
      0.0,
      0.0,
      0.0,
      0.0,
      0.0,
      0.0,
      0.0,
      0.0,
      0.0,
      0.0,
      0.0,
      0.0
    ],
    [
      0.65832495807108,
      -0.055,
      0.39667504192892,
      0.0,
      0.0,
      0.0,
      0.0,
      0.0,
      0.0,
      0.0,
      0.0,
      0.0,
      0.0,
      0.0,
      0.0,
      0.0,
      0.0
    ],
    [
      0.65832495807108,
      -0.055,
      0.0,
      0.39667504192892,
      0.0,
      0.0,
      0.0,
      0.0,
      0.0,
      0.0,
      0.0,
      0.0,
      0.0,
      0.0,
      0.0,
      0.0,
      0.0
    ],
    [
      0.65832495807108,
      -0.055,
      0.0,
      0.39667504192892,
      0.0,
      0.0,
      0.0,
      0.0,
      0.0,
      0.0,
      0.0,
      0.0,
      0.0,
      0.0,
      0.0,
      0.0,
      0.0
    ],
    [
      -0.055,
      0.0,
      0.20916876048223,
      0.09916876048223,
      0.03416561975888501,
      0.03416561975888501,
      0.08916561975888501,
      0.08916561975888501,
      0.0,
      0.0,
      0.5,
      0.0,
      0.0,
      0.0,
      0.0,
      0.0,
      0.0
    ],
    [
      1.055,
      -0.055,
      0.0,
      0.0,
      0.0,
      0.0,
      0.0,
      0.0,
      0.0,
      0.0,
      0.0,
      0.0,
      0.0,
      0.0,
      0.0,
      0.0,
      0.0
    ]
  ]
}