{
  "label": "floor_kg3",
  "n": 22,
  "idem_resid": 0.0,
  "row_sum_resid": 1.1102230246251565e-16,
  "delta": 0.06749999999999999,
  "d_poke": 0.135,
  "design_sigma_v": 0.5,
  "ell": 0.75,
  "ma": 2,
  "k_groups": 3,
  "mneg_lp": 0.06749999999999999,
  "tau": 0.25980762113533157,
  "rho": 1.0392304845413263,
  "kappa": 0.06495190528383289,
  "v": 20,
  "nW": 14,
  "W": [
    1,
    2,
    3,
    4,
    5,
    6,
    7,
    8,
    9,
    10,
    11,
    12,
    13,
    21
  ],
  "v_vertex": true,
  "H_dist": 0.1350000000000001,
  "max_height_vertex": 20,
  "max_height": 0.1350000000000001,
  "v_is_max_height": true,
  "target_vertex": 20,
  "H": 0.1349999999999998,
  "R": 2.135,
  "sep_resid_Pg": 2.0816681711721685e-16,
  "g_v_target": 0.0,
  "tstar": 0.0632318501170959,
  "tstar_over_kappa": 0.9735180183056903,
  "A": 0.0,
  "B": 0.06323185011709583,
  "gamma": 0.9367681498829044,
  "MU": 1.0,
  "ident_resid": 2.38524477946811e-16,
  "massbal_resid": 2.220446049250313e-16,
  "B_minus_tstar": 6.938893903907228e-17,
  "v_fails_exposed": true,
  "witness_identity_ok": true,
  "depth_profile": {
    "E/H=0.0": 1.0,
    "E/H=0.1": 1.0,
    "E/H=0.25": 1.0,
    "E/H=0.5": 1.0,
    "E/H=0.75": 1.0,
    "E/H=0.9": 1.0,
    "E/H=1.0": 1.0
  },
  "m_star_observed": 1.0,
  "E_dmf_5delta_over_tau": 1.299038105676658,
  "shallow_mass_g_lt_Hhalf": 0.0,
  "mu_rows": {
    "2": {
      "vertex": true,
      "inW": true,
      "class": "W-vertex",
      "o": 0.0,
      "within_rho": false,
      "g": 0.1349999999999998,
      "dist_over_rho": 1.9420930560004097,
      "mu": 0.05466870837861772,
      "g_over_H": 1.0
    },
    "3": {
      "vertex": true,
      "inW": true,
      "class": "W-vertex",
      "o": 0.0,
      "within_rho": false,
      "g": 0.1349999999999998,
      "dist_over_rho": 1.9420930560004097,
      "mu": 0.05466870837861772,
      "g_over_H": 1.0
    },
    "4": {
      "vertex": true,
      "inW": true,
      "class": "W-vertex",
      "o": 0.0,
      "within_rho": false,
      "g": 0.1349999999999998,
      "dist_over_rho": 1.9420930560004102,
      "mu": 0.05466870837861773,
      "g_over_H": 1.0
    },
    "5": {
      "vertex": true,
      "inW": true,
      "class": "W-vertex",
      "o": 0.0,
      "within_rho": false,
      "g": 0.1349999999999998,
      "dist_over_rho": 1.9285348239299158,
      "mu": 0.06126829998711581,
      "g_over_H": 1.0
    },
    "6": {
      "vertex": true,
      "inW": true,
      "class": "W-vertex",
      "o": 0.0,
      "within_rho": false,
      "g": 0.1349999999999998,
      "dist_over_rho": 1.9285348239299158,
      "mu": 0.06126829998711581,
      "g_over_H": 1.0
    },
    "7": {
      "vertex": true,
      "inW": true,
      "class": "W-vertex",
      "o": 0.0,
      "within_rho": false,
      "g": 0.1349999999999998,
      "dist_over_rho": 1.9285348239299158,
      "mu": 0.06126829998711581,
      "g_over_H": 1.0
    },
    "8": {
      "vertex": true,
      "inW": true,
      "class": "W-vertex",
      "o": 0.0,
      "within_rho": false,
      "g": 0.1349999999999998,
      "dist_over_rho": 1.9285348239299154,
      "mu": 0.06126829998711581,
      "g_over_H": 1.0
    },
    "9": {
      "vertex": true,
      "inW": true,
      "class": "W-vertex",
      "o": 0.0,
      "within_rho": false,
      "g": 0.1349999999999998,
      "dist_over_rho": 1.9285348239299154,
      "mu": 0.06126829998711581,
      "g_over_H": 1.0
    },
    "10": {
      "vertex": true,
      "inW": true,
      "class": "W-vertex",
      "o": 0.0,
      "within_rho": false,
      "g": 0.1349999999999998,
      "dist_over_rho": 1.9285348239299154,
      "mu": 0.06126829998711581,
      "g_over_H": 1.0
    },
    "13": {
      "vertex": true,
      "inW": true,
      "class": "W-vertex",
      "o": 0.0,
      "within_rho": false,
      "g": 0.1349999999999998,
      "dist_over_rho": 1.092154259217042,
      "mu": 0.46838407494145207,
      "g_over_H": 1.0
    }
  },
  "class_composition": {
    "W-vertex": 1.0
  },
  "sigma_v": 1.0675,
  "sigma_tilde": 0.0,
  "P_vv": 0.0,
  "nu_v": 0.06749999999999999,
  "exchange_LHS": 0.1349999999999998,
  "exchange_bound_tstarR": 0.13499999999999956,
  "exchange_bound_kappaR": 0.1386723177809832,
  "shallow_fraction": 0.0,
  "ALL_SHALLOW": false,
  "gate": "PASS",