{
  "label": "floor_d100sv70",
  "n": 17,
  "idem_resid": 0.0,
  "row_sum_resid": 1.1102230246251565e-16,
  "delta": 0.06999999999999999,
  "d_poke": 0.1,
  "design_sigma_v": 0.7,
  "ell": 0.72,
  "ma": 2,
  "k_groups": 2,
  "mneg_lp": 0.06999999999999999,
  "tau": 0.264575131106459,
  "rho": 1.058300524425836,
  "kappa": 0.06614378277661476,
  "v": 15,
  "nW": 11,
  "W": [
    1,
    2,
    3,
    4,
    5,
    6,
    7,
    8,
    9,
    10,
    16
  ],
  "v_vertex": true,
  "H_dist": 0.1399999999999999,
  "max_height_vertex": 15,
  "max_height": 0.1399999999999999,
  "v_is_max_height": true,
  "target_vertex": 15,
  "H": 0.14000000000000012,
  "R": 2.14,
  "sep_resid_Pg": 2.220446049250313e-16,
  "g_v_target": 0.0,
  "tstar": 0.06542056074766354,
  "tstar_over_kappa": 0.9890659106783516,
  "A": 0.0,
  "B": 0.06542056074766359,
  "gamma": 0.9345794392523366,
  "MU": 1.0000000000000002,
  "ident_resid": 4.163336342344337e-17,
  "massbal_resid": 1.1102230246251565e-16,
  "B_minus_tstar": 4.163336342344337e-17,
  "v_fails_exposed": true,
  "witness_identity_ok": true,
  "depth_profile": {
    "E/H=0.0": 1.0000000000000002,
    "E/H=0.1": 1.0000000000000002,
    "E/H=0.25": 1.0000000000000002,
    "E/H=0.5": 1.0000000000000002,
    "E/H=0.75": 1.0000000000000002,
    "E/H=0.9": 1.0000000000000002,
    "E/H=1.0": 1.0000000000000002
  },
  "m_star_observed": 1.0000000000000002,
  "E_dmf_5delta_over_tau": 1.3228756555322954,
  "shallow_mass_g_lt_Hhalf": 0.0,
  "mu_rows": {
    "2": {
      "vertex": true,
      "inW": true,
      "class": "W-vertex",
      "o": 0.0,
      "within_rho": false,
      "g": 0.14000000000000012,
      "dist_over_rho": 1.5817813195436166,
      "mu": 0.2177570093457944,
      "g_over_H": 1.0
    },
    "3": {
      "vertex": true,
      "inW": true,
      "class": "W-vertex",
      "o": 0.0,
      "within_rho": false,
      "g": 0.14000000000000012,
      "dist_over_rho": 1.7707635560482298,
      "mu": 0.12429906542056074,
      "g_over_H": 1.0
    },
    "4": {
      "vertex": true,
      "inW": true,
      "class": "W-vertex",
      "o": 0.0,
      "within_rho": false,
      "g": 0.14000000000000012,
      "dist_over_rho": 1.8784834308558596,
      "mu": 0.07102803738317758,
      "g_over_H": 1.0
    },
    "5": {
      "vertex": true,
      "inW": true,
      "class": "W-vertex",
      "o": 0.0,
      "within_rho": false,
      "g": 0.14000000000000012,
      "dist_over_rho": 1.8784834308558596,
      "mu": 0.07102803738317758,
      "g_over_H": 1.0
    },
    "6": {
      "vertex": true,
      "inW": true,
      "class": "W-vertex",
      "o": 0.0,
      "within_rho": false,
      "g": 0.14000000000000012,
      "dist_over_rho": 1.7839923126035526,
      "mu": 0.11775700934579442,
      "g_over_H": 1.0
    },
    "7": {
      "vertex": true,
      "inW": true,
      "class": "W-vertex",
      "o": 0.0,
      "within_rho": false,
      "g": 0.14000000000000012,
      "dist_over_rho": 1.7839923126035526,
      "mu": 0.11775700934579439,
      "g_over_H": 1.0
    },
    "10": {
      "vertex": true,
      "inW": true,
      "class": "W-vertex",
      "o": 0.0,
      "within_rho": false,
      "g": 0.14000000000000012,
      "dist_over_rho": 1.455163221085525,
      "mu": 0.280373831775701,
      "g_over_H": 1.0
    }
  },
  "class_composition": {
    "W-vertex": 1.0000000000000002
  },
  "sigma_v": 1.07,
  "sigma_tilde": 0.0,
  "P_vv": 0.0,
  "nu_v": 0.06999999999999999,
  "exchange_LHS": 0.14000000000000015,
  "exchange_bound_tstarR": 0.1400000000000001,
  "exchange_bound_kappaR": 0.1415476951419556,
  "shallow_fraction": 0.0,
  "ALL_SHALLOW": false,
  "gate": "PASS",
  "P": [
    [
      1.0,
      0.0,
      0.0,
      0.0,
      0.0,
      0.0,
      0.0,
      0.0,
      0.0,
      0.0,
      0.0,
      0.0,
      0.0,
      0.0,
      0.0,
      0.0,
      0.0
    ],
    [
      0.0,
      1.0,
      0.0,
      0.0,
      0.0,
      0.0,
      0.0,
      0.0,
      0.0,
      0.0,
      0.0,
      0.0,
      0.0,
      0.0,
      0.0,
      0.0,
      0.0
    ],
    [
      0.0,
      0.0,
      1.0,
      0.0,
      0.0,
      0.0,
      0.0,
      0.0,
      0.0,
      0.0,
      0.0,
      0.0,
      0.0,
      0.0,
      0.0,
      0.0,
      0.0
    ],
    [
      0.0,
      0.0,
      0.0,
      1.0,
      0.0,
      0.0,
      0.0,
      0.0,
      0.0,
      0.0,
      0.0,
      0.0,
      0.0,
      0.0,
      0.0,
      0.0,
      0.0
    ],
    [
      0.0,
      0.0,
      0.0,
      0.0,
      1.0,
      0.0,
      0.0,
      0.0,
      0.0,
      0.0,
      0.0,
      0.0,
      0.0,
      0.0,
      0.0,
      0.0,
      0.0
    ],
    [
      0.0,
      0.0,
      0.0,
      0.0,
      0.0,
      1.0,
      0.0,
      0.0,
      0.0,
      0.0,
      0.0,
      0.0,
      0.0,
      0.0,
      0.0,
      0.0,
      0.0
    ],
    [
      0.0,
      0.0,
      0.0,
      0.0,
      0.0,
      0.0,
      1.0,
      0.0,
      0.0,
      0.0,
      0.0,
      0.0,
      0.0,
      0.0,
      0.0,
      0.0,
      0.0
    ],
    [
      0.0,
      0.0,
      0.0,
      0.0,
      0.0,
      0.0,
      0.0,
      1.0,
      0.0,
      0.0,
      0.0,
      0.0,
      0.0,
      0.0,
      0.0,
      0.0,
      0.0
    ],
    [
      0.0,
      0.0,
      0.0,
      0.0,
      0.0,
      0.0,
      0.0,
      0.0,
      1.0,
      0.0,
      0.0,
      0.0,
      0.0,
      0.0,
      0.0,
      0.0,
      0.0
    ],
    [
      0.0,
      0.0,
      0.0,
      0.0,
      0.0,
      0.0,
      0.0,
      0.0,
      0.0,
      1.0,
      0.0,
      0.0,
      0.0,
      0.0,
      0.0,
      0.0,
      0.0
    ],
    [
      0.0,
      0.0,
      0.0,
      0.0,
      0.0,
      0.0,
      0.0,
      0.0,
      0.0,
      0.0,
      1.0,
      0.0,
      0.0,
      0.0,
      0.0,
      0.0,
      0.0
    ],
    [
      0.69,
      -0.06999999999999999,
      0.38,
      0.0,
      0.0,
      0.0,
      0.0,
      0.0,
      0.0,
      0.0,
      0.0,
      0.0,
      0.0,
      0.0,
      0.0,
      0.0,
      0.0
    ],
    [
      0.69,
      -0.06999999999999999,
      0.38,
      0.0,
      0.0,
      0.0,
      0.0,
      0.0,
      0.0,
      0.0,
      0.0,
      0.0,
      0.0,
      0.0,
      0.0,
      0.0,
      0.0
    ],
    [
      0.69,
      -0.06999999999999999,
      0.0,
      0.38,
      0.0,
      0.0,
      0.0,
      0.0,
      0.0,
      0.0,
      0.0,
      0.0,
      0.0,
      0.0,
      0.0,
      0.0,
      0.0
    ],
    [
      0.69,
      -0.06999999999999999,
      0.0,
      0.38,
      0.0,
      0.0,
      0.0,
      0.0,
      0.0,
      0.0,
      0.0,
      0.0,
      0.0,
      0.0,
      0.0,
      0.0,
      0.0
    ],
    [
      -0.06999999999999999,
      0.0,
      0.23299999999999998,
      0.13299999999999998,
      0.076,
      0.076,
      0.126,
      0.126,
      0.0,
      0.0,
      0.30000000000000004,
      0.0,
      0.0,
      0.0,
      0.0,
      0.0,
      0.0
    ],
    [
      1.07,
      -0.06999999999999999,
      0.0,
      0.0,
      0.0,
      0.0,
      0.0,
      0.0,
      0.0,
      0.0,
      0.0,
      0.0,
      0.0,
      0.0,
      0.0,
      0.0,
      0.0
    ]
  ]
}