{
  "label": "floor_d120",
  "n": 17,
  "idem_resid": 0.0,
  "row_sum_resid": 0.0,
  "delta": 0.06,
  "d_poke": 0.12,
  "design_sigma_v": 0.5,
  "ell": 0.65,
  "ma": 2,
  "k_groups": 2,
  "mneg_lp": 0.06,
  "tau": 0.2449489742783178,
  "rho": 0.9797958971132712,
  "kappa": 0.06123724356957945,
  "v": 15,
  "nW": 11,
  "W": [
    1,
    2,
    3,
    4,
    5,
    6,
    7,
    8,
    9,
    10,
    16
  ],
  "v_vertex": true,
  "H_dist": 0.12000000000000002,
  "max_height_vertex": 15,
  "max_height": 0.12000000000000002,
  "v_is_max_height": true,
  "target_vertex": 15,
  "H": 0.11999999999999988,
  "R": 2.12,
  "sep_resid_Pg": 1.2836953722228372e-16,
  "g_v_target": 0.0,
  "tstar": 0.05660377358490566,
  "tstar_over_kappa": 0.9243357519936521,
  "A": 0.0,
  "B": 0.056603773584905634,
  "gamma": 0.943396226415094,
  "MU": 0.9999999999999997,
  "ident_resid": 5.551115123125783e-17,
  "massbal_resid": 3.3306690738754696e-16,
  "B_minus_tstar": 2.7755575615628914e-17,
  "v_fails_exposed": true,
  "witness_identity_ok": true,
  "depth_profile": {
    "E/H=0.0": 0.9999999999999997,
    "E/H=0.1": 0.9999999999999997,
    "E/H=0.25": 0.9999999999999997,
    "E/H=0.5": 0.9999999999999997,
    "E/H=0.75": 0.9999999999999997,
    "E/H=0.9": 0.9999999999999997,
    "E/H=1.0": 0.9999999999999997
  },
  "m_star_observed": 0.9999999999999997,
  "E_dmf_5delta_over_tau": 1.2247448713915892,
  "shallow_mass_g_lt_Hhalf": 0.0,
  "mu_rows": {
    "2": {
      "vertex": true,
      "inW": true,
      "class": "W-vertex",
      "o": 0.0,
      "within_rho": false,
      "g": 0.11999999999999988,
      "dist_over_rho": 1.7262882672780133,
      "mu": 0.20216501815387944,
      "g_over_H": 1.0
    },
    "3": {
      "vertex": true,
      "inW": true,
      "class": "W-vertex",
      "o": 0.0,
      "within_rho": false,
      "g": 0.11999999999999988,
      "dist_over_rho": 1.9712372415563313,
      "mu": 0.08895747098406812,
      "g_over_H": 1.0
    },
    "4": {
      "vertex": true,
      "inW": true,
      "class": "W-vertex",
      "o": 0.0,
      "within_rho": false,
      "g": 0.11999999999999988,
      "dist_over_rho": 2.0966559722240006,
      "mu": 0.030992962621173455,
      "g_over_H": 1.0
    },
    "5": {
      "vertex": true,
      "inW": true,
      "class": "W-vertex",
      "o": 0.0,
      "within_rho": false,
      "g": 0.11999999999999988,
      "dist_over_rho": 2.0966559722240006,
      "mu": 0.03099296262117346,
      "g_over_H": 1.0
    },
    "6": {
      "vertex": true,
      "inW": true,
      "class": "W-vertex",
      "o": 0.0,
      "within_rho": false,
      "g": 0.11999999999999988,
      "dist_over_rho": 1.9741814850848414,
      "mu": 0.08759673620607909,
      "g_over_H": 1.0
    },
    "7": {
      "vertex": true,
      "inW": true,
      "class": "W-vertex",
      "o": 0.0,
      "within_rho": false,
      "g": 0.11999999999999988,
      "dist_over_rho": 1.9741814850848414,
      "mu": 0.08759673620607908,
      "g_over_H": 1.0
    },
    "10": {
      "vertex": true,
      "inW": true,
      "class": "W-vertex",
      "o": 0.0,
      "within_rho": false,
      "g": 0.11999999999999988,
      "dist_over_rho": 1.1430952132988166,
      "mu": 0.47169811320754695,
      "g_over_H": 1.0
    }
  },
  "class_composition": {
    "W-vertex": 0.9999999999999997
  },
  "sigma_v": 1.06,
  "sigma_tilde": 0.0,
  "P_vv": 0.0,
  "nu_v": 0.06,
  "exchange_LHS": 0.11999999999999984,
  "exchange_bound_tstarR": 0.11999999999999995,
  "exchange_bound_kappaR": 0.12982295636750843,
  "shallow_fraction": 0.0,
  "ALL_SHALLOW": false,
  "gate": "PASS",
  "P": [
    [
      1.0,
      0.0,
      0.0,
      0.0,
      0.0,
      0.0,
      0.0,
      0.0,
      0.0,
      0.0,
      0.0,
      0.0,
      0.0,
      0.0,
      0.0,
      0.0,
      0.0
    ],
    [
      0.0,
      1.0,
      0.0,
      0.0,
      0.0,
      0.0,
      0.0,
      0.0,
      0.0,
      0.0,
      0.0,
      0.0,
      0.0,
      0.0,
      0.0,
      0.0,
      0.0
    ],
    [
      0.0,
      0.0,
      1.0,
      0.0,
      0.0,
      0.0,
      0.0,
      0.0,
      0.0,
      0.0,
      0.0,
      0.0,
      0.0,
      0.0,
      0.0,
      0.0,
      0.0
    ],
    [
      0.0,
      0.0,
      0.0,
      1.0,
      0.0,
      0.0,
      0.0,
      0.0,
      0.0,
      0.0,
      0.0,
      0.0,
      0.0,
      0.0,
      0.0,
      0.0,
      0.0
    ],
    [
      0.0,
      0.0,
      0.0,
      0.0,
      1.0,
      0.0,
      0.0,
      0.0,
      0.0,
      0.0,
      0.0,
      0.0,
      0.0,
      0.0,
      0.0,
      0.0,
      0.0
    ],
    [
      0.0,
      0.0,
      0.0,
      0.0,
      0.0,
      1.0,
      0.0,
      0.0,
      0.0,
      0.0,
      0.0,
      0.0,
      0.0,
      0.0,
      0.0,
      0.0,
      0.0
    ],
    [
      0.0,
      0.0,
      0.0,
      0.0,
      0.0,
      0.0,
      1.0,
      0.0,
      0.0,
      0.0,
      0.0,
      0.0,
      0.0,
      0.0,
      0.0,
      0.0,
      0.0
    ],
    [
      0.0,
      0.0,
      0.0,
      0.0,
      0.0,
      0.0,
      0.0,
      1.0,
      0.0,
      0.0,
      0.0,
      0.0,
      0.0,
      0.0,
      0.0,
      0.0,
      0.0
    ],
    [
      0.0,
      0.0,
      0.0,
      0.0,
      0.0,
      0.0,
      0.0,
      0.0,
      1.0,
      0.0,
      0.0,
      0.0,
      0.0,
      0.0,
      0.0,
      0.0,
      0.0
    ],
    [
      0.0,
      0.0,
      0.0,
      0.0,
      0.0,
      0.0,
      0.0,
      0.0,
      0.0,
      1.0,
      0.0,
      0.0,
      0.0,
      0.0,
      0.0,
      0.0,
      0.0
    ],
    [
      0.0,
      0.0,
      0.0,
      0.0,
      0.0,
      0.0,
      0.0,
      0.0,
      0.0,
      0.0,
      1.0,
      0.0,
      0.0,
      0.0,
      0.0,
      0.0,
      0.0
    ],
    [
      0.6828203230275509,
      -0.06,
      0.37717967697244903,
      0.0,
      0.0,
      0.0,
      0.0,
      0.0,
      0.0,
      0.0,
      0.0,
      0.0,
      0.0,
      0.0,
      0.0,
      0.0,
      0.0
    ],
    [
      0.6828203230275509,
      -0.06,
      0.37717967697244903,
      0.0,
      0.0,
      0.0,
      0.0,
      0.0,
      0.0,
      0.0,
      0.0,
      0.0,
      0.0,
      0.0,
      0.0,
      0.0,
      0.0
    ],
    [
      0.6828203230275509,
      -0.06,
      0.0,
      0.37717967697244903,
      0.0,
      0.0,
      0.0,
      0.0,
      0.0,
      0.0,
      0.0,
      0.0,
      0.0,
      0.0,
      0.0,
      0.0,
      0.0
    ],
    [
      0.6828203230275509,
      -0.06,
      0.0,
      0.37717967697244903,
      0.0,
      0.0,
      0.0,
      0.0,
      0.0,
      0.0,
      0.0,
      0.0,
      0.0,
      0.0,
      0.0,
      0.0,
      0.0
    ],
    [
      -0.06,
      0.0,
      0.21429491924311225,
      0.09429491924311226,
      0.03285254037844387,
      0.03285254037844387,
      0.09285254037844387,
      0.09285254037844387,
      0.0,
      0.0,
      0.5,
      0.0,
      0.0,
      0.0,
      0.0,
      0.0,
      0.0
    ],
    [
      1.06,
      -0.06,
      0.0,
      0.0,
      0.0,
      0.0,
      0.0,
      0.0,
      0.0,
      0.0,
      0.0,
      0.0,
      0.0,
      0.0,
      0.0,
      0.0,
      0.0
    ]
  ]
}