{
  "label": "mid_d090",
  "n": 17,
  "idem_resid": 0.0,
  "row_sum_resid": 2.220446049250313e-16,
  "delta": 0.045,
  "d_poke": 0.09,
  "design_sigma_v": 0.5,
  "ell": 0.65,
  "ma": 2,
  "k_groups": 2,
  "mneg_lp": 0.045,
  "tau": 0.21213203435596426,
  "rho": 0.848528137423857,
  "kappa": 0.053033008588991064,
  "v": 15,
  "nW": 11,
  "W": [
    1,
    2,
    3,
    4,
    5,
    6,
    7,
    8,
    9,
    10,
    16
  ],
  "v_vertex": true,
  "H_dist": 0.0900000000000001,
  "max_height_vertex": 15,
  "max_height": 0.0900000000000001,
  "v_is_max_height": true,
  "target_vertex": 15,
  "H": 0.08999999999999986,
  "R": 2.0900000000000003,
  "sep_resid_Pg": 4.440892098500626e-16,
  "g_v_target": 0.0,
  "tstar": 0.043062200956937795,
  "tstar_over_kappa": 0.8119886482524947,
  "A": 0.0,
  "B": 0.0430622009569378,
  "gamma": 0.9569377990430622,
  "MU": 1.0,
  "ident_resid": 1.3877787807814457e-17,
  "massbal_resid": 0.0,
  "B_minus_tstar": 6.938893903907228e-18,
  "v_fails_exposed": true,
  "witness_identity_ok": true,
  "depth_profile": {
    "E/H=0.0": 1.0,
    "E/H=0.1": 1.0,
    "E/H=0.25": 1.0,
    "E/H=0.5": 1.0,
    "E/H=0.75": 1.0,
    "E/H=0.9": 1.0,
    "E/H=1.0": 1.0
  },
  "m_star_observed": 1.0,
  "E_dmf_5delta_over_tau": 1.0606601717798212,
  "shallow_mass_g_lt_Hhalf": 0.0,
  "mu_rows": {
    "2": {
      "vertex": true,
      "inW": true,
      "class": "W-vertex",
      "o": 0.0,
      "within_rho": false,
      "g": 0.09000000000000008,
      "dist_over_rho": 1.991684100342109,
      "mu": 0.19138755980861244,
      "g_over_H": 1.0000000000000024
    },
    "3": {
      "vertex": true,
      "inW": true,
      "class": "W-vertex",
      "o": 0.0,
      "within_rho": false,
      "g": 0.09000000000000008,
      "dist_over_rho": 2.203816134698073,
      "mu": 0.10526315789473682,
      "g_over_H": 1.0000000000000024
    },
    "4": {
      "vertex": true,
      "inW": true,
      "class": "W-vertex",
      "o": 0.0,
      "within_rho": false,
      "g": 0.09000000000000008,
      "dist_over_rho": 2.3776465517397662,
      "mu": 0.03468899521531102,
      "g_over_H": 1.0000000000000024
    },
    "5": {
      "vertex": true,
      "inW": true,
      "class": "W-vertex",
      "o": 0.0,
      "within_rho": false,
      "g": 0.09000000000000008,
      "dist_over_rho": 2.3776465517397662,
      "mu": 0.03468899521531102,
      "g_over_H": 1.0000000000000024
    },
    "6": {
      "vertex": true,
      "inW": true,
      "class": "W-vertex",
      "o": 0.0,
      "within_rho": false,
      "g": 0.09000000000000008,
      "dist_over_rho": 2.271580534561784,
      "mu": 0.07775119617224882,
      "g_over_H": 1.0000000000000024
    },
    "7": {
      "vertex": true,
      "inW": true,
      "class": "W-vertex",
      "o": 0.0,
      "within_rho": false,
      "g": 0.0900000000000003,
      "dist_over_rho": 2.271580534561784,
      "mu": 0.07775119617224882,
      "g_over_H": 1.0000000000000049
    },
    "10": {
      "vertex": true,
      "inW": true,
      "class": "W-vertex",
      "o": 0.0,
      "within_rho": false,
      "g": 0.09000000000000008,
      "dist_over_rho": 1.2845773191555614,
      "mu": 0.4784688995215311,
      "g_over_H": 1.0000000000000024
    }
  },
  "class_composition": {
    "W-vertex": 1.0
  },
  "sigma_v": 1.045,
  "sigma_tilde": 0.0,
  "P_vv": 0.0,
  "nu_v": 0.045,
  "exchange_LHS": 0.09000000000000011,
  "exchange_bound_tstarR": 0.09000000000000002,
  "exchange_bound_kappaR": 0.11083898795099134,
  "shallow_fraction": 0.0,
  "ALL_SHALLOW": false,
  "gate": "PASS",
  "P": [
    [
      1.0,
      0.0,
      0.0,
      0.0,
      0.0,
      0.0,
      0.0,
      0.0,
      0.0,
      0.0,
      0.0,
      0.0,
      0.0,
      0.0,
      0.0,
      0.0,
      0.0
    ],
    [
      0.0,
      1.0,
      0.0,
      0.0,
      0.0,
      0.0,
      0.0,
      0.0,
      0.0,
      0.0,
      0.0,
      0.0,
      0.0,
      0.0,
      0.0,
      0.0,
      0.0
    ],
    [
      0.0,
      0.0,
      1.0,
      0.0,
      0.0,
      0.0,
      0.0,
      0.0,
      0.0,
      0.0,
      0.0,
      0.0,
      0.0,
      0.0,
      0.0,
      0.0,
      0.0
    ],
    [
      0.0,
      0.0,
      0.0,
      1.0,
      0.0,
      0.0,
      0.0,
      0.0,
      0.0,
      0.0,
      0.0,
      0.0,
      0.0,
      0.0,
      0.0,
      0.0,
      0.0
    ],
    [
      0.0,
      0.0,
      0.0,
      0.0,
      1.0,
      0.0,
      0.0,
      0.0,
      0.0,
      0.0,
      0.0,
      0.0,
      0.0,
      0.0,
      0.0,
      0.0,
      0.0
    ],
    [
      0.0,
      0.0,
      0.0,
      0.0,
      0.0,
      1.0,
      0.0,
      0.0,
      0.0,
      0.0,
      0.0,
      0.0,
      0.0,
      0.0,
      0.0,
      0.0,
      0.0
    ],
    [
      0.0,
      0.0,
      0.0,
      0.0,
      0.0,
      0.0,
      1.0,
      0.0,
      0.0,
      0.0,
      0.0,
      0.0,
      0.0,
      0.0,
      0.0,
      0.0,
      0.0
    ],
    [
      0.0,
      0.0,
      0.0,
      0.0,
      0.0,
      0.0,
      0.0,
      1.0,
      0.0,
      0.0,
      0.0,
      0.0,
      0.0,
      0.0,
      0.0,
      0.0,
      0.0
    ],
    [
      0.0,
      0.0,
      0.0,
      0.0,
      0.0,
      0.0,
      0.0,
      0.0,
      1.0,
      0.0,
      0.0,
      0.0,
      0.0,
      0.0,
      0.0,
      0.0,
      0.0
    ],
    [
      0.0,
      0.0,
      0.0,
      0.0,
      0.0,
      0.0,
      0.0,
      0.0,
      0.0,
      1.0,
      0.0,
      0.0,
      0.0,
      0.0,
      0.0,
      0.0,
      0.0
    ],
    [
      0.0,
      0.0,
      0.0,
      0.0,
      0.0,
      0.0,
      0.0,
      0.0,
      0.0,
      0.0,
      1.0,
      0.0,
      0.0,
      0.0,
      0.0,
      0.0,
      0.0
    ],
    [
      0.6050000000000001,
      -0.045,
      0.44,
      0.0,
      0.0,
      0.0,
      0.0,
      0.0,
      0.0,
      0.0,
      0.0,
      0.0,
      0.0,
      0.0,
      0.0,
      0.0,
      0.0
    ],
    [
      0.6050000000000001,
      -0.045,
      0.44,
      0.0,
      0.0,
      0.0,
      0.0,
      0.0,
      0.0,
      0.0,
      0.0,
      0.0,
      0.0,
      0.0,
      0.0,
      0.0,
      0.0
    ],
    [
      0.6050000000000001,
      -0.045,
      0.0,
      0.44,
      0.0,
      0.0,
      0.0,
      0.0,
      0.0,
      0.0,
      0.0,
      0.0,
      0.0,
      0.0,
      0.0,
      0.0,
      0.0
    ],
    [
      0.6050000000000001,
      -0.045,
      0.0,
      0.44,
      0.0,
      0.0,
      0.0,
      0.0,
      0.0,
      0.0,
      0.0,
      0.0,
      0.0,
      0.0,
      0.0,
      0.0,
      0.0
    ],
    [
      -0.045,
      0.0,
      0.2,
      0.11,
      0.03625000000000002,
      0.03625000000000002,
      0.08125000000000002,
      0.08125000000000002,
      0.0,
      0.0,
      0.5,
      0.0,
      0.0,
      0.0,
      0.0,
      0.0,
      0.0
    ],
    [
      1.045,
      -0.045,
      0.0,
      0.0,
      0.0,
      0.0,
      0.0,
      0.0,
      0.0,
      0.0,
      0.0,
      0.0,
      0.0,
      0.0,
      0.0,
      0.0,
      0.0
    ]
  ]
}