{
  "label": "mid_d070",
  "n": 17,
  "idem_resid": 0.0,
  "row_sum_resid": 2.220446049250313e-16,
  "delta": 0.035,
  "d_poke": 0.07,
  "design_sigma_v": 0.5,
  "ell": 0.65,
  "ma": 2,
  "k_groups": 2,
  "mneg_lp": 0.035,
  "tau": 0.18708286933869708,
  "rho": 0.7483314773547883,
  "kappa": 0.04677071733467427,
  "v": 15,
  "nW": 11,
  "W": [
    1,
    2,
    3,
    4,
    5,
    6,
    7,
    8,
    9,
    10,
    16
  ],
  "v_vertex": true,
  "H_dist": 0.07000000000000009,
  "max_height_vertex": 15,
  "max_height": 0.07000000000000009,
  "v_is_max_height": true,
  "target_vertex": 15,
  "H": 0.07000000000000006,
  "R": 2.0700000000000003,
  "sep_resid_Pg": 2.220446049250313e-16,
  "g_v_target": 0.0,
  "tstar": 0.033816425120772965,
  "tstar_over_kappa": 0.723025581985303,
  "A": 0.0,
  "B": 0.03381642512077296,
  "gamma": 0.9661835748792269,
  "MU": 1.0,
  "ident_resid": 5.551115123125783e-17,
  "massbal_resid": 1.1102230246251565e-16,
  "B_minus_tstar": 6.938893903907228e-18,
  "v_fails_exposed": true,
  "witness_identity_ok": true,
  "depth_profile": {
    "E/H=0.0": 1.0,
    "E/H=0.1": 1.0,
    "E/H=0.25": 1.0,
    "E/H=0.5": 1.0,
    "E/H=0.75": 1.0,
    "E/H=0.9": 1.0,
    "E/H=1.0": 1.0
  },
  "m_star_observed": 1.0,
  "E_dmf_5delta_over_tau": 0.9354143466934853,
  "shallow_mass_g_lt_Hhalf": 0.0,
  "mu_rows": {
    "2": {
      "vertex": true,
      "inW": true,
      "class": "W-vertex",
      "o": 0.0,
      "within_rho": false,
      "g": 0.07000000000000006,
      "dist_over_rho": 2.2984466804468493,
      "mu": 0.16908212560386468,
      "g_over_H": 1.0
    },
    "3": {
      "vertex": true,
      "inW": true,
      "class": "W-vertex",
      "o": 0.0,
      "within_rho": false,
      "g": 0.07000000000000006,
      "dist_over_rho": 2.4855295497855465,
      "mu": 0.10144927536231883,
      "g_over_H": 1.0
    },
    "4": {
      "vertex": true,
      "inW": true,
      "class": "W-vertex",
      "o": 0.0,
      "within_rho": false,
      "g": 0.07000000000000006,
      "dist_over_rho": 2.642545529409096,
      "mu": 0.044685990338164255,
      "g_over_H": 1.0
    },
    "5": {
      "vertex": true,
      "inW": true,
      "class": "W-vertex",
      "o": 0.0,
      "within_rho": false,
      "g": 0.07000000000000006,
      "dist_over_rho": 2.642545529409096,
      "mu": 0.044685990338164255,
      "g_over_H": 1.0
    },
    "6": {
      "vertex": true,
      "inW": true,
      "class": "W-vertex",
      "o": 0.0,
      "within_rho": false,
      "g": 0.07000000000000006,
      "dist_over_rho": 2.5490040947397477,
      "mu": 0.07850241545893721,
      "g_over_H": 1.0
    },
    "7": {
      "vertex": true,
      "inW": true,
      "class": "W-vertex",
      "o": 0.0,
      "within_rho": false,
      "g": 0.07000000000000006,
      "dist_over_rho": 2.5490040947397477,
      "mu": 0.07850241545893721,
      "g_over_H": 1.0
    },
    "10": {
      "vertex": true,
      "inW": true,
      "class": "W-vertex",
      "o": 0.0,
      "within_rho": false,
      "g": 0.07000000000000006,
      "dist_over_rho": 1.4298476442314705,
      "mu": 0.4830917874396135,
      "g_over_H": 1.0
    }
  },
  "class_composition": {
    "W-vertex": 1.0
  },
  "sigma_v": 1.0350000000000001,
  "sigma_tilde": 0.0,
  "P_vv": 0.0,
  "nu_v": 0.035,
  "exchange_LHS": 0.07000000000000006,
  "exchange_bound_tstarR": 0.07000000000000003,
  "exchange_bound_kappaR": 0.09681538488277576,
  "shallow_fraction": 0.0,
  "ALL_SHALLOW": false,
  "gate": "PASS",
  "P": [
    [
      1.0,
      0.0,
      0.0,
      0.0,
      0.0,
      0.0,
      0.0,
      0.0,
      0.0,
      0.0,
      0.0,
      0.0,
      0.0,
      0.0,
      0.0,
      0.0,
      0.0
    ],
    [
      0.0,
      1.0,
      0.0,
      0.0,
      0.0,
      0.0,
      0.0,
      0.0,
      0.0,
      0.0,
      0.0,
      0.0,
      0.0,
      0.0,
      0.0,
      0.0,
      0.0
    ],
    [
      0.0,
      0.0,
      1.0,
      0.0,
      0.0,
      0.0,
      0.0,
      0.0,
      0.0,
      0.0,
      0.0,
      0.0,
      0.0,
      0.0,
      0.0,
      0.0,
      0.0
    ],
    [
      0.0,
      0.0,
      0.0,
      1.0,
      0.0,
      0.0,
      0.0,
      0.0,
      0.0,
      0.0,
      0.0,
      0.0,
      0.0,
      0.0,
      0.0,
      0.0,
      0.0
    ],
    [
      0.0,
      0.0,
      0.0,
      0.0,
      1.0,
      0.0,
      0.0,
      0.0,
      0.0,
      0.0,
      0.0,
      0.0,
      0.0,
      0.0,
      0.0,
      0.0,
      0.0
    ],
    [
      0.0,
      0.0,
      0.0,
      0.0,
      0.0,
      1.0,
      0.0,
      0.0,
      0.0,
      0.0,
      0.0,
      0.0,
      0.0,
      0.0,
      0.0,
      0.0,
      0.0
    ],
    [
      0.0,
      0.0,
      0.0,
      0.0,
      0.0,
      0.0,
      1.0,
      0.0,
      0.0,
      0.0,
      0.0,
      0.0,
      0.0,
      0.0,
      0.0,
      0.0,
      0.0
    ],
    [
      0.0,
      0.0,
      0.0,
      0.0,
      0.0,
      0.0,
      0.0,
      1.0,
      0.0,
      0.0,
      0.0,
      0.0,
      0.0,
      0.0,
      0.0,
      0.0,
      0.0
    ],
    [
      0.0,
      0.0,
      0.0,
      0.0,
      0.0,
      0.0,
      0.0,
      0.0,
      1.0,
      0.0,
      0.0,
      0.0,
      0.0,
      0.0,
      0.0,
      0.0,
      0.0
    ],
    [
      0.0,
      0.0,
      0.0,
      0.0,
      0.0,
      0.0,
      0.0,
      0.0,
      0.0,
      1.0,
      0.0,
      0.0,
      0.0,
      0.0,
      0.0,
      0.0,
      0.0
    ],
    [
      0.0,
      0.0,
      0.0,
      0.0,
      0.0,
      0.0,
      0.0,
      0.0,
      0.0,
      0.0,
      1.0,
      0.0,
      0.0,
      0.0,
      0.0,
      0.0,
      0.0
    ],
    [
      0.6150000000000001,
      -0.035,
      0.42,
      0.0,
      0.0,
      0.0,
      0.0,
      0.0,
      0.0,
      0.0,
      0.0,
      0.0,
      0.0,
      0.0,
      0.0,
      0.0,
      0.0
    ],
    [
      0.6150000000000001,
      -0.035,
      0.42,
      0.0,
      0.0,
      0.0,
      0.0,
      0.0,
      0.0,
      0.0,
      0.0,
      0.0,
      0.0,
      0.0,
      0.0,
      0.0,
      0.0
    ],
    [
      0.6150000000000001,
      -0.035,
      0.0,
      0.42,
      0.0,
      0.0,
      0.0,
      0.0,
      0.0,
      0.0,
      0.0,
      0.0,
      0.0,
      0.0,
      0.0,
      0.0,
      0.0
    ],
    [
      0.6150000000000001,
      -0.035,
      0.0,
      0.42,
      0.0,
      0.0,
      0.0,
      0.0,
      0.0,
      0.0,
      0.0,
      0.0,
      0.0,
      0.0,
      0.0,
      0.0,
      0.0
    ],
    [
      -0.035,
      0.0,
      0.175,
      0.105,
      0.04625000000000001,
      0.04625000000000001,
      0.08125000000000002,
      0.08125000000000002,
      0.0,
      0.0,
      0.5,
      0.0,
      0.0,
      0.0,
      0.0,
      0.0,
      0.0
    ],
    [
      1.035,
      -0.035,
      0.0,
      0.0,
      0.0,
      0.0,
      0.0,
      0.0,
      0.0,
      0.0,
      0.0,
      0.0,
      0.0,
      0.0,
      0.0,
      0.0,
      0.0
    ]
  ]
}