{
  "label": "small_d030kg3",
  "n": 22,
  "idem_resid": 0.0,
  "row_sum_resid": 2.220446049250313e-16,
  "delta": 0.014999999999999996,
  "d_poke": 0.03,
  "design_sigma_v": 0.5,
  "ell": 0.65,
  "ma": 2,
  "k_groups": 3,
  "mneg_lp": 0.014999999999999996,
  "tau": 0.12247448713915889,
  "rho": 0.48989794855663554,
  "kappa": 0.03061862178478972,
  "v": 20,
  "nW": 14,
  "W": [
    1,
    2,
    3,
    4,
    5,
    6,
    7,
    8,
    9,
    10,
    11,
    12,
    13,
    21
  ],
  "v_vertex": true,
  "H_dist": 0.030000000000000093,
  "max_height_vertex": 20,
  "max_height": 0.030000000000000093,
  "v_is_max_height": true,
  "target_vertex": 20,
  "H": 0.030000000000000027,
  "R": 2.0300000000000002,
  "sep_resid_Pg": 4.440892098500626e-16,
  "g_v_target": 0.0,
  "tstar": 0.014778325123152716,
  "tstar_over_kappa": 0.4826580773957004,
  "A": 0.0,
  "B": 0.01477832512315271,
  "gamma": 0.9852216748768472,
  "MU": 0.9999999999999998,
  "ident_resid": 1.1102230246251565e-16,
  "massbal_resid": 1.1102230246251565e-16,
  "B_minus_tstar": 5.204170427930421e-18,
  "v_fails_exposed": true,
  "witness_identity_ok": true,
  "depth_profile": {
    "E/H=0.0": 0.9999999999999998,
    "E/H=0.1": 0.9999999999999998,
    "E/H=0.25": 0.9999999999999998,
    "E/H=0.5": 0.9999999999999998,
    "E/H=0.75": 0.9999999999999998,
    "E/H=0.9": 0.9999999999999998,
    "E/H=1.0": 0.9999999999999998
  },
  "m_star_observed": 0.9999999999999998,
  "E_dmf_5delta_over_tau": 0.6123724356957945,
  "shallow_mass_g_lt_Hhalf": 0.0,
  "mu_rows": {
    "2": {
      "vertex": true,
      "inW": true,
      "class": "W-vertex",
      "o": 0.0,
      "within_rho": false,
      "g": 0.030000000000000027,
      "dist_over_rho": 3.762688410441938,
      "mu": 0.09195402298850569,
      "g_over_H": 1.0
    },
    "3": {
      "vertex": true,
      "inW": true,
      "class": "W-vertex",
      "o": 0.0,
      "within_rho": false,
      "g": 0.030000000000000027,
      "dist_over_rho": 3.885162897581097,
      "mu": 0.06239737274220033,
      "g_over_H": 1.0
    },
    "4": {
      "vertex": true,
      "inW": true,
      "class": "W-vertex",
      "o": 0.0,
      "within_rho": false,
      "g": 0.030000000000000027,
      "dist_over_rho": 3.885162897581097,
      "mu": 0.06239737274220033,
      "g_over_H": 1.0
    },
    "5": {
      "vertex": true,
      "inW": true,
      "class": "W-vertex",
      "o": 0.0,
      "within_rho": false,
      "g": 0.030000000000000027,
      "dist_over_rho": 3.983822901109864,
      "mu": 0.0385878489326765,
      "g_over_H": 1.0
    },
    "6": {
      "vertex": true,
      "inW": true,
      "class": "W-vertex",
      "o": 0.0,
      "within_rho": false,
      "g": 0.030000000000000027,
      "dist_over_rho": 3.983822901109864,
      "mu": 0.0385878489326765,
      "g_over_H": 1.0
    },
    "7": {
      "vertex": true,
      "inW": true,
      "class": "W-vertex",
      "o": 0.0,
      "within_rho": false,
      "g": 0.030000000000000027,
      "dist_over_rho": 3.922585657540284,
      "mu": 0.053366174055829246,
      "g_over_H": 1.0
    },
    "8": {
      "vertex": true,
      "inW": true,
      "class": "W-vertex",
      "o": 0.0,
      "within_rho": false,
      "g": 0.030000000000000027,
      "dist_over_rho": 3.9225856575402838,
      "mu": 0.053366174055829246,
      "g_over_H": 1.0
    },
    "9": {
      "vertex": true,
      "inW": true,
      "class": "W-vertex",
      "o": 0.0,
      "within_rho": false,
      "g": 0.030000000000000027,
      "dist_over_rho": 3.9225856575402838,
      "mu": 0.053366174055829246,
      "g_over_H": 1.0
    },
    "10": {
      "vertex": true,
      "inW": true,
      "class": "W-vertex",
      "o": 0.0,
      "within_rho": false,
      "g": 0.030000000000000027,
      "dist_over_rho": 3.9225856575402838,
      "mu": 0.053366174055829246,
      "g_over_H": 1.0
    },
    "13": {
      "vertex": true,
      "inW": true,
      "class": "W-vertex",
      "o": 0.0,
      "within_rho": false,
      "g": 0.030000000000000027,
      "dist_over_rho": 2.102478695888895,
      "mu": 0.4926108374384235,
      "g_over_H": 1.0
    }
  },
  "class_composition": {
    "W-vertex": 0.9999999999999998
  },
  "sigma_v": 1.0150000000000001,
  "sigma_tilde": 0.0,
  "P_vv": 0.0,
  "nu_v": 0.014999999999999996,
  "exchange_LHS": 0.03000000000000002,
  "exchange_bound_tstarR": 0.030000000000000006,
  "exchange_bound_kappaR": 0.06215580222312314,
  "shallow_fraction": 0.0,
  "ALL_SHALLOW": false,
  "gate": "PASS",