{
  "label": "small_d020",
  "n": 17,
  "idem_resid": 0.0,
  "row_sum_resid": 0.0,
  "delta": 0.01,
  "d_poke": 0.02,
  "design_sigma_v": 0.5,
  "ell": 0.65,
  "ma": 2,
  "k_groups": 2,
  "mneg_lp": 0.01,
  "tau": 0.1,
  "rho": 0.4,
  "kappa": 0.025,
  "v": 15,
  "nW": 11,
  "W": [
    1,
    2,
    3,
    4,
    5,
    6,
    7,
    8,
    9,
    10,
    16
  ],
  "v_vertex": true,
  "H_dist": 0.020000000000000066,
  "max_height_vertex": 15,
  "max_height": 0.020000000000000066,
  "v_is_max_height": true,
  "target_vertex": 15,
  "H": 0.020000000000000018,
  "R": 2.02,
  "sep_resid_Pg": 2.0816681711721685e-17,
  "g_v_target": 0.0,
  "tstar": 0.009900990099009898,
  "tstar_over_kappa": 0.3960396039603959,
  "A": 0.0,
  "B": 0.009900990099009898,
  "gamma": 0.9900990099009899,
  "MU": 1.0,
  "ident_resid": 5.551115123125783e-17,
  "massbal_resid": 2.220446049250313e-16,
  "B_minus_tstar": 0.0,
  "v_fails_exposed": true,
  "witness_identity_ok": true,
  "depth_profile": {
    "E/H=0.0": 1.0,
    "E/H=0.1": 1.0,
    "E/H=0.25": 1.0,
    "E/H=0.5": 1.0,
    "E/H=0.75": 1.0,
    "E/H=0.9": 1.0,
    "E/H=1.0": 1.0
  },
  "m_star_observed": 1.0,
  "E_dmf_5delta_over_tau": 0.5,
  "shallow_mass_g_lt_Hhalf": 0.0,
  "mu_rows": {
    "2": {
      "vertex": true,
      "inW": true,
      "class": "W-vertex",
      "o": 0.0,
      "within_rho": false,
      "g": 0.020000000000000018,
      "dist_over_rho": 4.4875,
      "mu": 0.11138613861386139,
      "g_over_H": 1.0
    },
    "3": {
      "vertex": true,
      "inW": true,
      "class": "W-vertex",
      "o": 0.0,
      "within_rho": false,
      "g": 0.020000000000000018,
      "dist_over_rho": 4.5874999999999995,
      "mu": 0.09158415841584155,
      "g_over_H": 1.0
    },
    "4": {
      "vertex": true,
      "inW": true,
      "class": "W-vertex",
      "o": 0.0,
      "within_rho": false,
      "g": 0.020000000000000018,
      "dist_over_rho": 4.6937500000000005,
      "mu": 0.07054455445544555,
      "g_over_H": 1.0
    },
    "5": {
      "vertex": true,
      "inW": true,
      "class": "W-vertex",
      "o": 0.0,
      "within_rho": false,
      "g": 0.020000000000000018,
      "dist_over_rho": 4.6937500000000005,
      "mu": 0.07054455445544555,
      "g_over_H": 1.0
    },
    "6": {
      "vertex": true,
      "inW": true,
      "class": "W-vertex",
      "o": 0.0,
      "within_rho": false,
      "g": 0.020000000000000018,
      "dist_over_rho": 4.64375,
      "mu": 0.08044554455445546,
      "g_over_H": 1.0
    },
    "7": {
      "vertex": true,
      "inW": true,
      "class": "W-vertex",
      "o": 0.0,
      "within_rho": false,
      "g": 0.020000000000000018,
      "dist_over_rho": 4.64375,
      "mu": 0.08044554455445546,
      "g_over_H": 1.0
    },
    "10": {
      "vertex": true,
      "inW": true,
      "class": "W-vertex",
      "o": 0.0,
      "within_rho": false,
      "g": 0.020000000000000018,
      "dist_over_rho": 2.55,
      "mu": 0.495049504950495,
      "g_over_H": 1.0
    }
  },
  "class_composition": {
    "W-vertex": 1.0
  },
  "sigma_v": 1.0100000000000002,
  "sigma_tilde": 0.0,
  "P_vv": 0.0,
  "nu_v": 0.01,
  "exchange_LHS": 0.020000000000000018,
  "exchange_bound_tstarR": 0.019999999999999993,
  "exchange_bound_kappaR": 0.0505,
  "shallow_fraction": 0.0,
  "ALL_SHALLOW": false,
  "gate": "PASS",
  "P": [
    [
      1.0,
      0.0,
      0.0,
      0.0,
      0.0,
      0.0,
      0.0,
      0.0,
      0.0,
      0.0,
      0.0,
      0.0,
      0.0,
      0.0,
      0.0,
      0.0,
      0.0
    ],
    [
      0.0,
      1.0,
      0.0,
      0.0,
      0.0,
      0.0,
      0.0,
      0.0,
      0.0,
      0.0,
      0.0,
      0.0,
      0.0,
      0.0,
      0.0,
      0.0,
      0.0
    ],
    [
      0.0,
      0.0,
      1.0,
      0.0,
      0.0,
      0.0,
      0.0,
      0.0,
      0.0,
      0.0,
      0.0,
      0.0,
      0.0,
      0.0,
      0.0,
      0.0,
      0.0
    ],
    [
      0.0,
      0.0,
      0.0,
      1.0,
      0.0,
      0.0,
      0.0,
      0.0,
      0.0,
      0.0,
      0.0,
      0.0,
      0.0,
      0.0,
      0.0,
      0.0,
      0.0
    ],
    [
      0.0,
      0.0,
      0.0,
      0.0,
      1.0,
      0.0,
      0.0,
      0.0,
      0.0,
      0.0,
      0.0,
      0.0,
      0.0,
      0.0,
      0.0,
      0.0,
      0.0
    ],
    [
      0.0,
      0.0,
      0.0,
      0.0,
      0.0,
      1.0,
      0.0,
      0.0,
      0.0,
      0.0,
      0.0,
      0.0,
      0.0,
      0.0,
      0.0,
      0.0,
      0.0
    ],
    [
      0.0,
      0.0,
      0.0,
      0.0,
      0.0,
      0.0,
      1.0,
      0.0,
      0.0,
      0.0,
      0.0,
      0.0,
      0.0,
      0.0,
      0.0,
      0.0,
      0.0
    ],
    [
      0.0,
      0.0,
      0.0,
      0.0,
      0.0,
      0.0,
      0.0,
      1.0,
      0.0,
      0.0,
      0.0,
      0.0,
      0.0,
      0.0,
      0.0,
      0.0,
      0.0
    ],
    [
      0.0,
      0.0,
      0.0,
      0.0,
      0.0,
      0.0,
      0.0,
      0.0,
      1.0,
      0.0,
      0.0,
      0.0,
      0.0,
      0.0,
      0.0,
      0.0,
      0.0
    ],
    [
      0.0,
      0.0,
      0.0,
      0.0,
      0.0,
      0.0,
      0.0,
      0.0,
      0.0,
      1.0,
      0.0,
      0.0,
      0.0,
      0.0,
      0.0,
      0.0,
      0.0
    ],
    [
      0.0,
      0.0,
      0.0,
      0.0,
      0.0,
      0.0,
      0.0,
      0.0,
      0.0,
      0.0,
      1.0,
      0.0,
      0.0,
      0.0,
      0.0,
      0.0,
      0.0
    ],
    [
      0.6400000000000001,
      -0.01,
      0.36999999999999994,
      0.0,
      0.0,
      0.0,
      0.0,
      0.0,
      0.0,
      0.0,
      0.0,
      0.0,
      0.0,
      0.0,
      0.0,
      0.0,
      0.0
    ],
    [
      0.6400000000000001,
      -0.01,
      0.36999999999999994,
      0.0,
      0.0,
      0.0,
      0.0,
      0.0,
      0.0,
      0.0,
      0.0,
      0.0,
      0.0,
      0.0,
      0.0,
      0.0,
      0.0
    ],
    [
      0.6400000000000001,
      -0.01,
      0.0,
      0.36999999999999994,
      0.0,
      0.0,
      0.0,
      0.0,
      0.0,
      0.0,
      0.0,
      0.0,
      0.0,
      0.0,
      0.0,
      0.0,
      0.0
    ],
    [
      0.6400000000000001,
      -0.01,
      0.0,
      0.36999999999999994,
      0.0,
      0.0,
      0.0,
      0.0,
      0.0,
      0.0,
      0.0,
      0.0,
      0.0,
      0.0,
      0.0,
      0.0,
      0.0
    ],
    [
      -0.01,
      0.0,
      0.11249999999999999,
      0.09249999999999999,
      0.07125000000000002,
      0.07125000000000002,
      0.08125000000000002,
      0.08125000000000002,
      0.0,
      0.0,
      0.5,
      0.0,
      0.0,
      0.0,
      0.0,
      0.0,
      0.0
    ],
    [
      1.01,
      -0.01,
      0.0,
      0.0,
      0.0,
      0.0,
      0.0,
      0.0,
      0.0,
      0.0,
      0.0,
      0.0,
      0.0,
      0.0,
      0.0,
      0.0,
      0.0
    ]
  ]
}