{
  "label": "small_d050sv35",
  "n": 17,
  "idem_resid": 0.0,
  "row_sum_resid": 0.0,
  "delta": 0.017499999999999998,
  "d_poke": 0.05,
  "design_sigma_v": 0.35,
  "ell": 0.65,
  "ma": 2,
  "k_groups": 2,
  "mneg_lp": 0.017499999999999998,
  "tau": 0.1322875655532295,
  "rho": 0.529150262212918,
  "kappa": 0.03307189138830738,
  "v": 15,
  "nW": 11,
  "W": [
    1,
    2,
    3,
    4,
    5,
    6,
    7,
    8,
    9,
    10,
    16
  ],
  "v_vertex": true,
  "H_dist": 0.03499999999999995,
  "max_height_vertex": 15,
  "max_height": 0.03499999999999995,
  "v_is_max_height": true,
  "target_vertex": 15,
  "H": 0.03499999999999992,
  "R": 2.035,
  "sep_resid_Pg": 8.153200337090993e-17,
  "g_v_target": 0.0,
  "tstar": 0.017199017199017192,
  "tstar_over_kappa": 0.5200493977522536,
  "A": 0.0,
  "B": 0.017199017199017196,
  "gamma": 0.9828009828009829,
  "MU": 1.0,
  "ident_resid": 4.163336342344337e-17,
  "massbal_resid": 1.1102230246251565e-16,
  "B_minus_tstar": 3.469446951953614e-18,
  "v_fails_exposed": true,
  "witness_identity_ok": true,
  "depth_profile": {
    "E/H=0.0": 1.0,
    "E/H=0.1": 1.0,
    "E/H=0.25": 1.0,
    "E/H=0.5": 1.0,
    "E/H=0.75": 1.0,
    "E/H=0.9": 1.0,
    "E/H=1.0": 1.0
  },
  "m_star_observed": 1.0,
  "E_dmf_5delta_over_tau": 0.6614378277661477,
  "shallow_mass_g_lt_Hhalf": 0.0,
  "mu_rows": {
    "2": {
      "vertex": true,
      "inW": true,
      "class": "W-vertex",
      "o": 0.0,
      "within_rho": false,
      "g": 0.03499999999999992,
      "dist_over_rho": 3.392231145257815,
      "mu": 0.11793611793611791,
      "g_over_H": 1.0
    },
    "3": {
      "vertex": true,
      "inW": true,
      "class": "W-vertex",
      "o": 0.0,
      "within_rho": false,
      "g": 0.03499999999999992,
      "dist_over_rho": 3.5812133817624288,
      "mu": 0.06879606879606878,
      "g_over_H": 1.0
    },
    "4": {
      "vertex": true,
      "inW": true,
      "class": "W-vertex",
      "o": 0.0,
      "within_rho": false,
      "g": 0.03499999999999992,
      "dist_over_rho": 3.725312337097196,
      "mu": 0.03132678132678132,
      "g_over_H": 1.0
    },
    "5": {
      "vertex": true,
      "inW": true,
      "class": "W-vertex",
      "o": 0.0,
      "within_rho": false,
      "g": 0.03499999999999992,
      "dist_over_rho": 3.725312337097196,
      "mu": 0.031326781326781315,
      "g_over_H": 1.0
    },
    "6": {
      "vertex": true,
      "inW": true,
      "class": "W-vertex",
      "o": 0.0,
      "within_rho": false,
      "g": 0.03499999999999992,
      "dist_over_rho": 3.6308212188448894,
      "mu": 0.0558968058968059,
      "g_over_H": 1.0
    },
    "7": {
      "vertex": true,
      "inW": true,
      "class": "W-vertex",
      "o": 0.0,
      "within_rho": false,
      "g": 0.03499999999999992,
      "dist_over_rho": 3.6308212188448894,
      "mu": 0.055896805896805894,
      "g_over_H": 1.0
    },
    "10": {
      "vertex": true,
      "inW": true,
      "class": "W-vertex",
      "o": 0.0,
      "within_rho": false,
      "g": 0.03499999999999992,
      "dist_over_rho": 1.38901943830891,
      "mu": 0.6388206388206389,
      "g_over_H": 1.0
    }
  },
  "class_composition": {
    "W-vertex": 1.0
  },
  "sigma_v": 1.0175,
  "sigma_tilde": 0.0,
  "P_vv": 0.0,
  "nu_v": 0.017499999999999998,
  "exchange_LHS": 0.03499999999999992,
  "exchange_bound_tstarR": 0.034999999999999996,
  "exchange_bound_kappaR": 0.06730129897520552,
  "shallow_fraction": 0.0,
  "ALL_SHALLOW": false,
  "gate": "PASS",
  "P": [
    [
      1.0,
      0.0,
      0.0,
      0.0,
      0.0,
      0.0,
      0.0,
      0.0,
      0.0,
      0.0,
      0.0,
      0.0,
      0.0,
      0.0,
      0.0,
      0.0,
      0.0
    ],
    [
      0.0,
      1.0,
      0.0,
      0.0,
      0.0,
      0.0,
      0.0,
      0.0,
      0.0,
      0.0,
      0.0,
      0.0,
      0.0,
      0.0,
      0.0,
      0.0,
      0.0
    ],
    [
      0.0,
      0.0,
      1.0,
      0.0,
      0.0,
      0.0,
      0.0,
      0.0,
      0.0,
      0.0,
      0.0,
      0.0,
      0.0,
      0.0,
      0.0,
      0.0,
      0.0
    ],
    [
      0.0,
      0.0,
      0.0,
      1.0,
      0.0,
      0.0,
      0.0,
      0.0,
      0.0,
      0.0,
      0.0,
      0.0,
      0.0,
      0.0,
      0.0,
      0.0,
      0.0
    ],
    [
      0.0,
      0.0,
      0.0,
      0.0,
      1.0,
      0.0,
      0.0,
      0.0,
      0.0,
      0.0,
      0.0,
      0.0,
      0.0,
      0.0,
      0.0,
      0.0,
      0.0
    ],
    [
      0.0,
      0.0,
      0.0,
      0.0,
      0.0,
      1.0,
      0.0,
      0.0,
      0.0,
      0.0,
      0.0,
      0.0,
      0.0,
      0.0,
      0.0,
      0.0,
      0.0
    ],
    [
      0.0,
      0.0,
      0.0,
      0.0,
      0.0,
      0.0,
      1.0,
      0.0,
      0.0,
      0.0,
      0.0,
      0.0,
      0.0,
      0.0,
      0.0,
      0.0,
      0.0
    ],
    [
      0.0,
      0.0,
      0.0,
      0.0,
      0.0,
      0.0,
      0.0,
      1.0,
      0.0,
      0.0,
      0.0,
      0.0,
      0.0,
      0.0,
      0.0,
      0.0,
      0.0
    ],
    [
      0.0,
      0.0,
      0.0,
      0.0,
      0.0,
      0.0,
      0.0,
      0.0,
      1.0,
      0.0,
      0.0,
      0.0,
      0.0,
      0.0,
      0.0,
      0.0,
      0.0
    ],
    [
      0.0,
      0.0,
      0.0,
      0.0,
      0.0,
      0.0,
      0.0,
      0.0,
      0.0,
      1.0,
      0.0,
      0.0,
      0.0,
      0.0,
      0.0,
      0.0,
      0.0
    ],
    [
      0.0,
      0.0,
      0.0,
      0.0,
      0.0,
      0.0,
      0.0,
      0.0,
      0.0,
      0.0,
      1.0,
      0.0,
      0.0,
      0.0,
      0.0,
      0.0,
      0.0
    ],
    [
      0.6174999999999999,
      -0.017499999999999998,
      0.4,
      0.0,
      0.0,
      0.0,
      0.0,
      0.0,
      0.0,
      0.0,
      0.0,
      0.0,
      0.0,
      0.0,
      0.0,
      0.0,
      0.0
    ],
    [
      0.6174999999999999,
      -0.017499999999999998,
      0.4,
      0.0,
      0.0,
      0.0,
      0.0,
      0.0,
      0.0,
      0.0,
      0.0,
      0.0,
      0.0,
      0.0,
      0.0,
      0.0,
      0.0
    ],
    [
      0.6174999999999999,
      -0.017499999999999998,
      0.0,
      0.4,
      0.0,
      0.0,
      0.0,
      0.0,
      0.0,
      0.0,
      0.0,
      0.0,
      0.0,
      0.0,
      0.0,
      0.0,
      0.0
    ],
    [
      0.6174999999999999,
      -0.017499999999999998,
      0.0,
      0.4,
      0.0,
      0.0,
      0.0,
      0.0,
      0.0,
      0.0,
      0.0,
      0.0,
      0.0,
      0.0,
      0.0,
      0.0,
      0.0
    ],
    [
      -0.017499999999999998,
      0.0,
      0.12,
      0.06999999999999999,
      0.031874999999999994,
      0.031874999999999994,
      0.056874999999999995,
      0.056874999999999995,
      0.0,
      0.0,
      0.65,
      0.0,
      0.0,
      0.0,
      0.0,
      0.0,
      0.0
    ],
    [
      1.0175,
      -0.017499999999999998,
      0.0,
      0.0,
      0.0,
      0.0,
      0.0,
      0.0,
      0.0,
      0.0,
      0.0,
      0.0,
      0.0,
      0.0,
      0.0,
      0.0,
      0.0
    ]
  ]
}