{
  "label": "small_d010sv70",
  "n": 17,
  "idem_resid": 0.0,
  "row_sum_resid": 2.220446049250313e-16,
  "delta": 0.006999999999999999,
  "d_poke": 0.01,
  "design_sigma_v": 0.7,
  "ell": 0.72,
  "ma": 2,
  "k_groups": 2,
  "mneg_lp": 0.006999999999999999,
  "tau": 0.08366600265340755,
  "rho": 0.3346640106136302,
  "kappa": 0.02091650066335189,
  "v": 15,
  "nW": 11,
  "W": [
    1,
    2,
    3,
    4,
    5,
    6,
    7,
    8,
    9,
    10,
    16
  ],
  "v_vertex": true,
  "H_dist": 0.014000000000000089,
  "max_height_vertex": 15,
  "max_height": 0.014000000000000089,
  "v_is_max_height": true,
  "target_vertex": 15,
  "H": 0.01399999999999979,
  "R": 2.0140000000000002,
  "sep_resid_Pg": 4.440892098500626e-16,
  "g_v_target": 0.0,
  "tstar": 0.006951340615690169,
  "tstar_over_kappa": 0.33233764708404195,
  "A": 0.0,
  "B": 0.006951340615690169,
  "gamma": 0.9930486593843095,
  "MU": 0.9999999999999998,
  "ident_resid": 2.7755575615628914e-17,
  "massbal_resid": 3.3306690738754696e-16,
  "B_minus_tstar": 0.0,
  "v_fails_exposed": true,
  "witness_identity_ok": true,
  "depth_profile": {
    "E/H=0.0": 0.9999999999999998,
    "E/H=0.1": 0.9999999999999998,
    "E/H=0.25": 0.9999999999999998,
    "E/H=0.5": 0.9999999999999998,
    "E/H=0.75": 0.9999999999999998,
    "E/H=0.9": 0.9999999999999998,
    "E/H=1.0": 0.9999999999999998
  },
  "m_star_observed": 0.9999999999999998,
  "E_dmf_5delta_over_tau": 0.4183300132670377,
  "shallow_mass_g_lt_Hhalf": 0.0,
  "mu_rows": {
    "2": {
      "vertex": true,
      "inW": true,
      "class": "W-vertex",
      "o": 0.0,
      "within_rho": false,
      "g": 0.014000000000000012,
      "dist_over_rho": 5.351636098294747,
      "mu": 0.11072492552135053,
      "g_over_H": 1.0000000000000158
    },
    "3": {
      "vertex": true,
      "inW": true,
      "class": "W-vertex",
      "o": 0.0,
      "within_rho": false,
      "g": 0.014000000000000012,
      "dist_over_rho": 5.4113975287614675,
      "mu": 0.10079443892750745,
      "g_over_H": 1.0000000000000158
    },
    "4": {
      "vertex": true,
      "inW": true,
      "class": "W-vertex",
      "o": 0.0,
      "within_rho": false,
      "g": 0.014000000000000012,
      "dist_over_rho": 5.294862739351364,
      "mu": 0.12015888778550146,
      "g_over_H": 1.0000000000000158
    },
    "5": {
      "vertex": true,
      "inW": true,
      "class": "W-vertex",
      "o": 0.0,
      "within_rho": false,
      "g": 0.014000000000000012,
      "dist_over_rho": 5.294862739351364,
      "mu": 0.12015888778550146,
      "g_over_H": 1.0000000000000158
    },
    "6": {
      "vertex": true,
      "inW": true,
      "class": "W-vertex",
      "o": 0.0,
      "within_rho": false,
      "g": 0.014000000000000012,
      "dist_over_rho": 5.264982024118004,
      "mu": 0.12512413108242304,
      "g_over_H": 1.0000000000000158
    },
    "7": {
      "vertex": true,
      "inW": true,
      "class": "W-vertex",
      "o": 0.0,
      "within_rho": false,
      "g": 0.014000000000000234,
      "dist_over_rho": 5.264982024118004,
      "mu": 0.12512413108242304,
      "g_over_H": 1.0000000000000318
    },
    "10": {
      "vertex": true,
      "inW": true,
      "class": "W-vertex",
      "o": 0.0,
      "within_rho": false,
      "g": 0.014000000000000012,
      "dist_over_rho": 4.225133133997082,
      "mu": 0.2979145978152929,
      "g_over_H": 1.0000000000000158
    }
  },
  "class_composition": {
    "W-vertex": 0.9999999999999998
  },
  "sigma_v": 1.0070000000000001,
  "sigma_tilde": 0.0,
  "P_vv": 0.0,
  "nu_v": 0.006999999999999999,
  "exchange_LHS": 0.014000000000000037,
  "exchange_bound_tstarR": 0.014000000000000002,
  "exchange_bound_kappaR": 0.04212583233599071,
  "shallow_fraction": 0.0,
  "ALL_SHALLOW": false,
  "gate": "PASS",
  "P": [
    [
      1.0,
      0.0,
      0.0,
      0.0,
      0.0,
      0.0,
      0.0,
      0.0,
      0.0,
      0.0,
      0.0,
      0.0,
      0.0,
      0.0,
      0.0,
      0.0,
      0.0
    ],
    [
      0.0,
      1.0,
      0.0,
      0.0,
      0.0,
      0.0,
      0.0,
      0.0,
      0.0,
      0.0,
      0.0,
      0.0,
      0.0,
      0.0,
      0.0,
      0.0,
      0.0
    ],
    [
      0.0,
      0.0,
      1.0,
      0.0,
      0.0,
      0.0,
      0.0,
      0.0,
      0.0,
      0.0,
      0.0,
      0.0,
      0.0,
      0.0,
      0.0,
      0.0,
      0.0
    ],
    [
      0.0,
      0.0,
      0.0,
      1.0,
      0.0,
      0.0,
      0.0,
      0.0,
      0.0,
      0.0,
      0.0,
      0.0,
      0.0,
      0.0,
      0.0,
      0.0,
      0.0
    ],
    [
      0.0,
      0.0,
      0.0,
      0.0,
      1.0,
      0.0,
      0.0,
      0.0,
      0.0,
      0.0,
      0.0,
      0.0,
      0.0,
      0.0,
      0.0,
      0.0,
      0.0
    ],
    [
      0.0,
      0.0,
      0.0,
      0.0,
      0.0,
      1.0,
      0.0,
      0.0,
      0.0,
      0.0,
      0.0,
      0.0,
      0.0,
      0.0,
      0.0,
      0.0,
      0.0
    ],
    [
      0.0,
      0.0,
      0.0,
      0.0,
      0.0,
      0.0,
      1.0,
      0.0,
      0.0,
      0.0,
      0.0,
      0.0,
      0.0,
      0.0,
      0.0,
      0.0,
      0.0
    ],
    [
      0.0,
      0.0,
      0.0,
      0.0,
      0.0,
      0.0,
      0.0,
      1.0,
      0.0,
      0.0,
      0.0,
      0.0,
      0.0,
      0.0,
      0.0,
      0.0,
      0.0
    ],
    [
      0.0,
      0.0,
      0.0,
      0.0,
      0.0,
      0.0,
      0.0,
      0.0,
      1.0,
      0.0,
      0.0,
      0.0,
      0.0,
      0.0,
      0.0,
      0.0,
      0.0
    ],
    [
      0.0,
      0.0,
      0.0,
      0.0,
      0.0,
      0.0,
      0.0,
      0.0,
      0.0,
      1.0,
      0.0,
      0.0,
      0.0,
      0.0,
      0.0,
      0.0,
      0.0
    ],
    [
      0.0,
      0.0,
      0.0,
      0.0,
      0.0,
      0.0,
      0.0,
      0.0,
      0.0,
      0.0,
      1.0,
      0.0,
      0.0,
      0.0,
      0.0,
      0.0,
      0.0
    ],
    [
      0.717,
      -0.006999999999999999,
      0.29000000000000004,
      0.0,
      0.0,
      0.0,
      0.0,
      0.0,
      0.0,
      0.0,
      0.0,
      0.0,
      0.0,
      0.0,
      0.0,
      0.0,
      0.0
    ],
    [
      0.717,
      -0.006999999999999999,
      0.29000000000000004,
      0.0,
      0.0,
      0.0,
      0.0,
      0.0,
      0.0,
      0.0,
      0.0,
      0.0,
      0.0,
      0.0,
      0.0,
      0.0,
      0.0
    ],
    [
      0.717,
      -0.006999999999999999,
      0.0,
      0.29000000000000004,
      0.0,
      0.0,
      0.0,
      0.0,
      0.0,
      0.0,
      0.0,
      0.0,
      0.0,
      0.0,
      0.0,
      0.0,
      0.0
    ],
    [
      0.717,
      -0.006999999999999999,
      0.0,
      0.29000000000000004,
      0.0,
      0.0,
      0.0,
      0.0,
      0.0,
      0.0,
      0.0,
      0.0,
      0.0,
      0.0,
      0.0,
      0.0,
      0.0
    ],
    [
      -0.006999999999999999,
      0.0,
      0.1115,
      0.1015,
      0.121,
      0.121,
      0.126,
      0.126,
      0.0,
      0.0,
      0.30000000000000004,
      0.0,
      0.0,
      0.0,
      0.0,
      0.0,
      0.0
    ],
    [
      1.007,
      -0.006999999999999999,
      0.0,
      0.0,
      0.0,
      0.0,
      0.0,
      0.0,
      0.0,
      0.0,
      0.0,
      0.0,
      0.0,
      0.0,
      0.0,
      0.0,
      0.0
    ]
  ]
}