{
  "label": "fine",
  "params": {
    "h": 0,
    "c": 0,
    "eps": 0.00125,
    "s": 1.06
  },
  "n": 10,
  "delta": 0.23293352400054423,
  "row_neg": [
    0.18389007276799035,
    0.042757993714692785,
    0.2019412607672828,
    0.23293352400054423,
    0.034695374780338246,
    0.022359756530588203,
    0.037616259575797714,
    0.03373945770101999,
    0.0025449731966664356,
    0.0009570871516661357
  ],
  "idem": {
    "row_sum_resid": 1.1102230246251565e-16,
    "idem_resid": 1.1102230246251565e-16,
    "ok": 1
  },
  "tau": 0.4826318721350096,
  "rho": 1.9305274885400383,
  "kappa": 0.1206579680337524,
  "W": [
    0,
    1,
    2,
    3,
    4
  ],
  "nW": 5,
  "vertex_info": {
    "0": {
      "vertex": 1,
      "vertex_error": 1.682402283394905,
      "inW": 1,
      "dist_to_CW": 0.0,
      "exposed_margin": 0.9199862215564796,
      "far": [
        1,
        2,
        3,
        4,
        5,
        6,
        7,
        8
      ]
    },
    "1": {
      "vertex": 1,
      "vertex_error": 0.40279397646234805,
      "inW": 1,
      "dist_to_CW": 0.0,
      "exposed_margin": 0.8114199712440613,
      "far": [
        0,
        2,
        3,
        4,
        5,
        7,
        8
      ]
    },
    "2": {
      "vertex": 1,
      "vertex_error": 0.4620957993574136,
      "inW": 1,
      "dist_to_CW": 0.0,
      "exposed_margin": 0.8231950864217177,
      "far": [
        0,
        1,
        3,
        4,
        6,
        7,
        8,
        9
      ]
    },
    "3": {
      "vertex": 1,
      "vertex_error": 0.5505432072475432,
      "inW": 1,
      "dist_to_CW": 0.0,
      "exposed_margin": 0.8602218149125015,
      "far": [
        0,
        1,
        2,
        4,
        5,
        6,
        9
      ]
    },
    "4": {
      "vertex": 1,
      "vertex_error": 1.4133516033219637,
      "inW": 1,
      "dist_to_CW": 0.0,
      "exposed_margin": 0.9775820052240828,
      "far": [
        0,
        1,
        2,
        3,
        5,
        6,
        7
      ]
    },
    "5": {
      "vertex": 1,
      "vertex_error": 0.04759542567170886,
      "inW": 0,
      "dist_to_CW": 0.04835614695826507,
      "exposed_margin": 0.12064317166013583,
      "far": [
        0,
        1,
        3,
        4
      ],
      "sigma_tilde": 0.7464738365004333,
      "sigma_tilde_over_tau": 1.546673312722326,
      "outside_CW": [
        5,
        6,
        7
      ]
    },
    "6": {
      "vertex": 1,
      "vertex_error": 0.03239636112294715,
      "inW": 0,
      "dist_to_CW": 0.03341760698948685,
      "exposed_margin": 0.0838912257973897,
      "far": [
        0,
        2,
        3,
        4
      ],
      "sigma_tilde": 0.01354776375276378,
      "sigma_tilde_over_tau": 0.028070594867331888,
      "outside_CW": [
        5,
        6,
        7
      ]
    },
    "7": {
      "vertex": 1,
      "vertex_error": 0.027571363667328198,
      "inW": 0,
      "dist_to_CW": 0.033983077160408263,
      "exposed_margin": 0.06219399853285312,
      "far": [
        0,
        1,
        2,
        4
      ],
      "sigma_tilde": 0.03822180202180897,
      "sigma_tilde_over_tau": 0.07919452532781952,
      "outside_CW": [
        5,
        6,
        7
      ]
    },
    "8": {
      "vertex": 0,
      "vertex_error": -9.8879238130678e-17,
      "inW": 0,
      "dist_to_CW": 6.960577947356938e-17,
      "exposed_margin": null,
      "far": null
    },
    "9": {
      "vertex": 0,
      "vertex_error": 1.9201220474718284e-16,
      "inW": 0,
      "dist_to_CW": 3.2807957739411364e-16,
      "exposed_margin": null,
      "far": null
    }
  },
  "hidden_vertices": [
    5,
    6,
    7
  ],
  "all_dist_to_CW": [
    0.0,
    0.0,
    0.0,
    0.0,
    0.0,
    0.04835614695826507,
    0.03341760698948685,
    0.033983077160408263,
    6.960577947356938e-17,
    3.2807957739411364e-16
  ],
  "gate": "PASS",
  "v": 5,
  "H": 0.04835614695826507,
  "H_separator": 0.04835614695826518,
  "H_over_delta": 0.20759633962414137,
  "H_over_tau": 0.10019261004117462,
  "sigma_tilde": 0.7464738365004333,
  "sigma_tilde_over_tau": 1.546673312722326,
  "outside_CW": [
    5,
    6,
    7
  ],
  "P_vv": 0.7274084488610099,
  "nu_v": 0.022359756530588203,
  "phi": [
    -2.0207734932143273,
    1.1102230246251565e-16,
    1.1102230246251565e-16,
    -1.2212453270876722e-15,
    -2.0341650395470774,
    0.04835614695826518,
    0.021096798164670805,
    -0.006883887389427246,
    -0.770017169551753,
    -0.9835894598815145
  ],
  "g": [
    2.0691296401725925,
    0.04835614695826507,
    0.04835614695826507,
    0.0483561469582664,
    2.0825211865053426,
    0.0,
    0.027259348793594373,
    0.055240034347692424,
    0.8183733165100182,
    1.0319456068397796
  ],
  "Omega": 2.0825211865053426,
  "sep_resid_Pg": 4.440892098500626e-16,
  "shallow_components": [
    {
      "t": 0.12563638737548685,
      "t_over_kappaOmega": 0.5,
      "component": [
        1,
        2,
        3,
        5,
        6,
        7
      ],
      "size": 6,
      "mass_from_v": 1.0190762237375695,
      "Pi_C": 0.00012007604435309809,
      "L": 2,
      "Pi_over_tau": 0.00024879427009641934,
      "min_edge": 0.0019242387799574315
    },
    {
      "t": 0.1884545810632303,
      "t_over_kappaOmega": 0.75,
      "component": [
        1,
        2,
        3,
        5,
        6,
        7
      ],
      "size": 6,
      "mass_from_v": 1.0190762237375695,
      "Pi_C": 0.00012007604435309809,
      "L": 2,
      "Pi_over_tau": 0.00024879427009641934,
      "min_edge": 0.0019242387799574315
    },
    {
      "t": 0.2512727747509737,
      "t_over_kappaOmega": 1.0,
      "component": [
        1,
        2,
        3,
        5,
        6,
        7
      ],
      "size": 6,
      "mass_from_v": 1.0190762237375695,
      "Pi_C": 0.00012007604435309809,
      "L": 2,
      "Pi_over_tau": 0.00024879427009641934,
      "min_edge": 0.0019242387799574315
    }
  ],
  "best_component": {
    "t": 0.12563638737548685,
    "t_over_kappaOmega": 0.5,
    "component": [
      1,
      2,
      3,
      5,
      6,
      7
    ],
    "size": 6,
    "mass_from_v": 1.0190762237375695,
    "Pi_C": 0.00012007604435309809,
    "L": 2,
    "Pi_over_tau": 0.00024879427009641934,
    "min_edge": 0.0019242387799574315
  },
  "quotient": {
    "num_classes": 10,
    "classes": [
      [
        0
      ],
      [
        1
      ],
      [
        2
      ],
      [
        3
      ],
      [
        4
      ],
      [
        5
      ],
      [
        6
      ],
      [
        7
      ],
      [
        8
      ],
      [
        9
      ]
    ],
    "class_of_v": 5,
    "class_of_W": [
      0,
      1,
      2,
      3,
      4
    ],
    "quotient_idem": {
      "row_sum_resid": 1.1102230246251565e-16,
      "idem_resid": 1.1102230246251565e-16,
      "ok": 1
    },
    "quotient_delta": 0.23293352400054423,
    "quotient_row_neg": [
      0.18389007276799035,
      0.042757993714692785,
      0.2019412607672828,
      0.23293352400054423,
      0.034695374780338246,
      0.022359756530588203,
      0.037616259575797714,
      0.03373945770101999,
      0.0025449731966664356,
      0.0009570871516661357
    ],
    "quotient_shallow_components": [
      {
        "t": 0.12563638737548685,
        "t_over_kappaOmega": 0.5,
        "component": [
          1,
          2,
          3,
          5,
          6,
          7
        ],
        "size": 6,
        "mass_from_v": 1.0190762237375695,
        "Pi_C": 0.00012007604435309809,
        "L": 2,
        "Pi_over_tau": 0.00024879427009641934,
        "min_edge": 0.0019242387799574315
      },
      {
        "t": 0.1884545810632303,
        "t_over_kappaOmega": 0.75,
        "component": [
          1,
          2,
          3,
          5,
          6,
          7
        ],
        "size": 6,
        "mass_from_v": 1.0190762237375695,
        "Pi_C": 0.00012007604435309809,
        "L": 2,