{
  "num_points": 1378,
  "best": {
    "label": "fine",
    "gate": "PASS",
    "n": 10,
    "delta": 0.23293352400054423,
    "tau": 0.4826318721350096,
    "rho": 1.9305274885400383,
    "kappa": 0.1206579680337524,
    "W": [
      0,
      1,
      2,
      3,
      4
    ],
    "v": 5,
    "H": 0.04835614695826507,
    "H_over_delta": 0.20759633962414137,
    "H_over_tau": 0.10019261004117462,
    "sigma_tilde": 0.7464738365004333,
    "sigma_tilde_over_tau": 1.546673312722326,
    "delta_over_sigma2": 0.41802553945085463,
    "barrier_crossed": 1,
    "antecedent_realized": 1,
    "P_vv": 0.7274084488610099,
    "nu_v": 0.022359756530588203,
    "hidden_vertices": [
      5,
      6,
      7
    ],
    "best_component": {
      "t": 0.12563638737548685,
      "t_over_kappaOmega": 0.5,
      "component": [
        1,
        2,
        3,
        5,
        6,
        7
      ],
      "size": 6,
      "mass_from_v": 1.0190762237375695,
      "Pi_C": 0.00012007604435309809,
      "L": 2,
      "Pi_over_tau": 0.00024879427009641934,
      "min_edge": 0.0019242387799574315
    },
    "quotient": {
      "num_classes": 10,
      "classes": [
        [
          0
        ],
        [
          1
        ],
        [
          2
        ],
        [
          3
        ],
        [
          4
        ],
        [
          5
        ],
        [
          6
        ],
        [
          7
        ],
        [
          8
        ],
        [
          9
        ]
      ],
      "class_of_v": 5,
      "class_of_W": [
        0,
        1,
        2,
        3,
        4
      ],
      "quotient_idem": {
        "row_sum_resid": 1.1102230246251565e-16,
        "idem_resid": 1.1102230246251565e-16,
        "ok": 1
      },
      "quotient_delta": 0.23293352400054423,
      "quotient_row_neg": [
        0.18389007276799035,
        0.042757993714692785,
        0.2019412607672828,
        0.23293352400054423,
        0.034695374780338246,
        0.022359756530588203,
        0.037616259575797714,
        0.03373945770101999,
        0.0025449731966664356,
        0.0009570871516661357
      ],
      "quotient_shallow_components": [
        {
          "t": 0.12563638737548685,
          "t_over_kappaOmega": 0.5,
          "component": [
            1,
            2,
            3,
            5,
            6,
            7
          ],
          "size": 6,
          "mass_from_v": 1.0190762237375695,
          "Pi_C": 0.00012007604435309809,
          "L": 2,
          "Pi_over_tau": 0.00024879427009641934,
          "min_edge": 0.0019242387799574315
        },
        {
          "t": 0.1884545810632303,
          "t_over_kappaOmega": 0.75,
          "component": [
            1,
            2,
            3,
            5,
            6,
            7
          ],
          "size": 6,
          "mass_from_v": 1.0190762237375695,
          "Pi_C": 0.00012007604435309809,
          "L": 2,
          "Pi_over_tau": 0.00024879427009641934,
          "min_edge": 0.0019242387799574315
        },
        {
          "t": 0.2512727747509737,
          "t_over_kappaOmega": 1.0,
          "component": [
            1,
            2,
            3,
            5,
            6,
            7
          ],
          "size": 6,
          "mass_from_v": 1.0190762237375695,
          "Pi_C": 0.00012007604435309809,
          "L": 2,
          "Pi_over_tau": 0.00024879427009641934,
          "min_edge": 0.0019242387799574315
        }
      ],
      "quotient_best_component": {
        "t": 0.12563638737548685,
        "t_over_kappaOmega": 0.5,
        "component": [
          1,
          2,
          3,
          5,
          6,
          7
        ],
        "size": 6,
        "mass_from_v": 1.0190762237375695,
        "Pi_C": 0.00012007604435309809,
        "L": 2,
        "Pi_over_tau": 0.00024879427009641934,
        "min_edge": 0.0019242387799574315
      }
    },
    "params": {
      "h": 0,
      "c": 0,
      "eps": 0.00125,
      "s": 1.06
    }
  },
  "realized": {
    "label": "fine",
    "gate": "PASS",
    "n": 10,
    "delta": 0.23293352400054423,
    "tau": 0.4826318721350096,
    "rho": 1.9305274885400383,
    "kappa": 0.1206579680337524,
    "W": [
      0,
      1,
      2,
      3,
      4
    ],
    "v": 5,
    "H": 0.04835614695826507,
    "H_over_delta": 0.20759633962414137,
    "H_over_tau": 0.10019261004117462,
    "sigma_tilde": 0.7464738365004333,
    "sigma_tilde_over_tau": 1.546673312722326,
    "delta_over_sigma2": 0.41802553945085463,
    "barrier_crossed": 1,
    "antecedent_realized": 1,
    "P_vv": 0.7274084488610099,
    "nu_v": 0.022359756530588203,
    "hidden_vertices": [
      5,
      6,
      7
    ],
    "best_component": {
      "t": 0.12563638737548685,
      "t_over_kappaOmega": 0.5,
      "component": [
        1,
        2,
        3,
        5,
        6,
        7
      ],
      "size": 6,
      "mass_from_v": 1.0190762237375695,
      "Pi_C": 0.00012007604435309809,
      "L": 2,
      "Pi_over_tau": 0.00024879427009641934,
      "min_edge": 0.0019242387799574315
    },
    "quotient": {
      "num_classes": 10,
      "classes": [
        [
          0
        ],
        [
          1
        ],
        [
          2
        ],
        [
          3
        ],
        [
          4
        ],
        [
          5
        ],
        [
          6
        ],
        [
          7
        ],
        [
          8
        ],
        [
          9
        ]
      ],
      "class_of_v": 5,
      "class_of_W": [
        0,
        1,
        2,
        3,
        4
      ],
      "quotient_idem": {
        "row_sum_resid": 1.1102230246251565e-16,
        "idem_resid": 1.1102230246251565e-16,
        "ok": 1
      },
      "quotient_delta": 0.23293352400054423,
      "quotient_row_neg": [
        0.18389007276799035,
        0.042757993714692785,
        0.2019412607672828,
        0.23293352400054423,
        0.034695374780338246,
        0.022359756530588203,
        0.037616259575797714,
        0.03373945770101999,
        0.0025449731966664356,
        0.0009570871516661357
      ],
      "quotient_shallow_components": [
        {
          "t": 0.12563638737548685,
          "t_over_kappaOmega": 0.5,
          "component": [
            1,
            2,
            3,
            5,
            6,
            7
          ],
          "size": 6,
          "mass_from_v": 1.0190762237375695,
          "Pi_C": 0.00012007604435309809,
          "L": 2,
          "Pi_over_tau": 0.00024879427009641934,
          "min_edge": 0.0019242387799574315
        },
        {
          "t": 0.1884545810632303,
          "t_over_kappaOmega": 0.75,
          "component": [
            1,
            2,
            3,
            5,
            6,
            7
          ],
          "size": 6,
          "mass_from_v": 1.0190762237375695,
          "Pi_C": 0.00012007604435309809,
          "L": 2,
          "Pi_over_tau": 0.00024879427009641934,
          "min_edge": 0.0019242387799574315
        },
        {
          "t": 0.2512727747509737,
          "t_over_kappaOmega": 1.0,
          "component": [
            1,
            2,
            3,
            5,
            6,
            7
          ],
          "size": 6,
          "mass_from_v": 1.0190762237375695,
          "Pi_C": 0.00012007604435309809,
          "L": 2,
          "Pi_over_tau": 0.00024879427009641934,
          "min_edge": 0.0019242387799574315
        }
      ],
      "quotient_best_component": {
        "t": 0.12563638737548685,
        "t_over_kappaOmega": 0.5,
        "component": [
          1,
          2,
          3,
          5,
          6,
          7
        ],
        "size": 6,
        "mass_from_v": 1.0190762237375695,
        "Pi_C": 0.00012007604435309809,
        "L": 2,
        "Pi_over_tau": 0.00024879427009641934,
        "min_edge": 0.0019242387799574315
      }
    },
    "params": {
      "h": 0,
      "c": 0,
      "eps": 0.00125,