{
  "X_hidden_rows": [
    [
      -0.015198626999894644,
      0.19308181975473426,
      0.8259988874864089,
      0.004791338110074048,
      -0.008673418351322564
    ],
    [
      0.006101266516564799,
      0.8205556823421354,
      0.047700316740030835,
      0.14207506666857792,
      -0.016432332267309002
    ],
    [
      -0.016945935059249878,
      0.0743024754864122,
      0.1779479911505197,
      0.7444769596114266,
      0.020218508810891378
    ],
    [
      0.0706269893168448,
      0.042240055493070826,
      0.17204081368055021,
      0.40671203987608284,
      0.30838010163345125
    ],
    [
      0.1901913369822577,
      0.35714016603501986,
      0.08706624738943565,
      0.07100675914959916,
      0.2945954904436875
    ]
  ],
  "Q": [
    [
      0.16079970293011459,
      0.003234104771659064,
      0.006116410664405175,
      0.00553767619016436,
      0.007489962773278157
    ],
    [
      -0.022074956840046615,
      0.00895326126110325,
      -0.018464145481129873,
      0.00017999615070723717,
      0.003664743168241743
    ],
    [
      0.8900850459555083,
      0.02074442176809832,
      -0.013160349503091808,
      0.0012223953506799257,
      0.0023126219713078566
    ],
    [
      -0.21552522477149252,
      0.03546235079874804,
      0.01506172108051435,
      -0.015151883559187257,
      0.0004717869013724574
    ],
    [
      0.0071421781675835225,
      -0.00934443564892987,
      0.01544575834115996,
      0.009755707071994696,
      0.0029725287896746997
    ]
  ],
  "P": [
    [
      1.000712215438369,
      -0.03706460505691853,
      -0.135667875810592,
      -0.00856753577311213,
      -0.002590056127367711,
      0.16079970293011459,
      0.003234104771659064,
      0.006116410664405175,
      0.00553767619016436,
      0.007489962773278157
    ],
    [
      -0.0014127424675224017,
      0.9969711251204046,
      0.020742431870324207,
      0.01224643614391168,
      -0.0008061489259938918,
      -0.022074956840046615,
      0.00895326126110325,
      -0.018464145481129873,
      0.00017999615070723717,
      0.003664743168241743
    ],
    [
      0.012652314169655217,
      -0.188780911264191,
      0.2657314313330055,
      0.0019242387799574315,
      0.007268791439070335,
      0.8900850459555083,
      0.02074442176809832,
      -0.013160349503091808,
      0.0012223953506799257,
      0.0023126219713078566
    ],
    [
      -0.0022564156698644633,
      0.011867568333512258,
      0.17621749317276325,
      0.9909101874640829,
      0.0029424162495510055,
      -0.21552522477149252,
      0.03546235079874804,
      0.01506172108051435,
      -0.015151883559187257,
      0.0004717869013724574
    ],
    [
      -0.0008270584318114531,
      0.0036672558983036818,
      -0.01013942705871782,
      -0.014384453640879103,
      0.9957119465116216,
      0.0071421781675835225,
      -0.00934443564892987,
      0.01544575834115996,
      0.009755707071994696,
      0.0029725287896746997
    ],
    [
      -0.005035066981507364,
      0.03715256139326178,
      0.22649307966663093,
      0.008956746177243275,
      -0.002734401920985577,
      0.7274084488610099,
      0.019065387639423448,
      -0.014590287628095265,
      0.0008030729833121679,
      0.0024804598097067907
    ],
    [
      0.005242907558974865,
      0.8104650955477705,
      0.05407077443621762,
      0.15110839781471555,
      -0.01627439461358966,
      -0.005413434134486011,
      0.01354776375276378,
      -0.013855209288776565,
      -0.002073221538945476,
      0.0031813204653553173
    ],
    [
      -0.01650809195419395,
      0.05002161068478933,
      0.18211146689222865,
      0.7388165112601663,
      0.023599830763828804,
      -0.0062854392472106715,
      0.03051384527597852,
      0.007707956745830454,
      -0.010945926499615368,
      0.0009682360781978251
    ],
    [
      0.0716215712703079,
      0.012973924275366266,
      0.10555397808804942,
      0.3988224628920043,
      0.30928801652975946,
      0.07810110886778054,
      0.01571681555302245,
      0.008276887735818209,
      -0.0025449731966664356,
      0.002190207984557839
    ],
    [
      0.19051996817647235,
      0.33449565546088844,
      0.01426694302425013,
      0.0690354852491415,
      0.29339353265983437,
      0.08699552729846058,
      0.005384044880549231,
      -0.0009570871516661357,
      0.003022032432490663,
      0.003843897969578695
    ]
  ],
  "n": 10,
  "rank_k": 5,
  "factor_residuals": {
    "R_Lambda_minus_I_max": 2.220446049250313e-16,
    "Lambda_R_minus_P_max": 0.0,
    "row_sum_resid": 1.1102230246251565e-16,
    "idem_resid": 1.1102230246251565e-16
  }
}