{
  "label": "d13_d3e-04",
  "n": 9,
  "idem_resid": 0.0,
  "row_sum_resid": 1.3322676295501878e-15,
  "delta": 6.845201373292684,
  "target_delta": 0.0003,
  "generator": "G1_fixed_tau",
  "entry_ratio": 7.913190298107363,
  "tau": 2.616333574545242,
  "rho": 10.465334298180968,
  "kappa": 0.6540833936363105,
  "v": 8,
  "nW": 1,
  "W": [
    7
  ],
  "v_vertex": true,
  "H_dist": 20.703545458703967,
  "max_height_vertex": 8,
  "max_height": 20.703545458703967,
  "v_is_max_height": true,
  "target_vertex": 8,
  "H": 20.70354545870397,
  "R": 20.70354545870397,
  "sep_resid_Pg": 1.0658141036401503e-14,
  "g_v_target": 0.0,
  "tstar": 0.6025482417985251,
  "tstar_over_kappa": 0.9212101203926292,
  "A": 0.0,
  "B": 0.6025482417985248,
  "gamma": 0.3974517582014774,
  "MU": 1.0,
  "ident_resid": 1.9984014443252818e-15,
  "massbal_resid": 2.220446049250313e-15,
  "B_minus_tstar": 2.220446049250313e-16,
  "v_fails_exposed": true,
  "witness_identity_ok": true,
  "depth_profile": {
    "E/H=0.0": 0.15853522293192487,
    "E/H=0.1": 0.15853522293192487,
    "E/H=0.25": 0.15853522293192487,
    "E/H=0.5": 0.15853522293192487,
    "E/H=0.75": 1.0,
    "E/H=0.9": 1.0,
    "E/H=1.0": 1.0
  },
  "m_star_observed": 0.15853522293192487,
  "E_dmf_5delta_over_tau": 13.08166787272621,
  "shallow_mass_g_lt_Hhalf": 0.8414647770680752,
  "mu_rows": {
    "1": {
      "vertex": true,
      "inW": false,
      "class": "hidden-vertex",
      "o": 0.0,
      "within_rho": false,
      "g": 7.013142712118604,
      "dist_over_rho": 1.2777390889638158,
      "mu": 0.8414647770680752,
      "g_over_H": 0.3387411458635077
    },
    "7": {
      "vertex": true,
      "inW": true,
      "class": "W-vertex",
      "o": 14.690402746585367,
      "within_rho": false,
      "g": 20.70354545870397,
      "dist_over_rho": 1.9782975745268412,
      "mu": 0.15853522293192487,
      "g_over_H": 1.0
    }
  },
  "class_composition": {
    "hidden-vertex": 0.8414647770680752,
    "W-vertex": 0.15853522293192487
  },
  "sigma_v": 7.685983355929762,
  "sigma_tilde": 7.685983355929762,
  "P_vv": 0.0,
  "nu_v": 6.685983355929763,
  "exchange_LHS": 9.183553763576352,
  "exchange_bound_tstarR": 12.474884915137912,
  "exchange_bound_kappaR": 13.541845273932719,
  "shallow_fraction": 0.8414647770680752,
  "ALL_SHALLOW": true,
  "gate": "PASS",
  "P": [
    [
      1.0,
      0.0,
      0.0,
      0.0,
      0.0,
      0.0,
      0.0,
      0.0,
      0.0
    ],
    [
      0.0,
      1.0,
      0.0,
      0.0,
      0.0,
      0.0,
      0.0,
      0.0,
      0.0
    ],
    [
      0.0,
      0.0,
      1.0,
      0.0,
      0.0,
      0.0,
      0.0,
      0.0,
      0.0
    ],
    [
      0.0,
      0.0,
      0.0,
      1.0,
      0.0,
      0.0,
      0.0,
      0.0,
      0.0
    ],
    [
      -5.274534183156822,
      1.6652391265504416,
      4.892601159340938,
      -0.2833061027345579,
      0.0,
      0.0,
      0.0,
      0.0,
      0.0
    ],
    [
      0.5,
      -2.5708561294398184,
      1.4052873903365974,
      1.6655687391032217,
      0.0,
      0.0,
      0.0,
      0.0,
      0.0
    ],
    [
      4.849346367023685,
      -0.1734031700778097,
      -2.3297269421078934,
      -1.346216254837982,
      0.0,
      0.0,
      0.0,
      0.0,
      0.0
    ],
    [
      -1.093448063612103,
      2.429800385567513,
      5.41540098772517,
      -5.7517533096805815,
      0.0,
      0.0,
      0.0,
      0.0,
      0.0
    ],
    [
      5.923649795845755,
      1.762333560084007,
      -4.268904916143309,
      -2.4170784397864544,
      0.0,
      0.0,
      0.0,
      0.0,
      0.0
    ]
  ]
}