{
  "runs": [
    {
      "label": "inspect",
      "r": 3,
      "n": 4,
      "plats": [
        3
      ],
      "RLambda_err": 4.440892098500626e-16,
      "fact_ok": true,
      "idem_ok": true,
      "delta": 0.6000000000000002,
      "idem_resid": 5.27070340502915e-16,
      "max_ratio": 0.0,
      "tau": 0.7745966692414835,
      "nW": 3,
      "W": [
        0,
        1,
        3
      ]
    }
  ]
}