{
  "best": {
    "ratio": 0.08580070065044018,
    "delta": 0.20551614964461565,
    "r": 7,
    "n": 13
  },
  "flagged": [],
  "bands": {
    "1e-3": 0.00032822306364904994,
    "1e-4": 9.867497411561277e-05,
    "1e-5": null
  }
}