{
  "global_max_ratio": 0.535613484430709,
  "p99": 0.48242204965540203,
  "envelope": [
    [
      0.02533632579022278,
      0.0019159136646425268
    ],
    [
      0.04066033131989912,
      0.00518043975675303
    ],
    [
      0.06525265568229938,
      0.013479994452545052
    ],
    [
      0.10471899601833551,
      0.0342509898100391
    ],
    [
      0.16805550689736684,
      0.08977461893390748
    ],
    [
      0.26969942868422686,
      0.17486568038479103
    ],
    [
      0.43281998415571143,
      0.13548835296085698
    ]
  ]
}