{
  "C4_c0.25": {
    "max_dist_over_tau": 0.5177790972259587,
    "n": 1567
  },
  "C8_c0.125": {
    "max_dist_over_tau": 0.2346575796929993,
    "n": 1539
  },
  "C2_c0.5": {
    "max_dist_over_tau": 5.055305868238851,
    "n": 1559
  }
}