{
  "envelope": [
    [
      0.005190849431397972,
      0.00010454525007486115
    ],
    [
      0.01515436729389436,
      0.005136018949538967
    ],
    [
      0.025117885156390747,
      0.011054843751286847
    ],
    [
      0.03508140301888714,
      0.015093132183569224
    ],
    [
      0.045044920881383524,
      0.02005562126579752
    ],
    [
      0.05500843874387991,
      0.025201704061968824
    ],
    [
      0.06497195660637631,
      0.03001843316909575
    ],
    [
      0.07493547446887269,
      0.03539177318430803
    ],
    [
      0.08489899233136908,
      0.040314653293336444
    ],
    [
      0.09486251019386546,
      0.04496947382585534
    ],
    [
      0.10482602805636185,
      0.05011494196831684
    ],
    [
      0.11478954591885825,
      0.055075204742460304
    ],
    [
      0.12475306378135465,
      0.06031552329152033
    ],
    [
      0.13471658164385103,
      0.06502384993182098
    ],
    [
      0.14468009950634741,
      0.0707566042094567
    ],
    [
      0.1546436173688438,
      0.0956943408953459
    ]
  ],
  "p": 1.6666461423191226,
  "a": 2.4874609376875925
}