{
  "scaling": [],
  "best": [
    {
      "name": "staircase",
      "scale": 0.2,
      "delta": 0.4442625151546349,
      "ratio": 5.758176752121223e-06,
      "tau": 0.6665302057331197,
      "Lambda": [
        [
          1.0000357710994865,
          -1.0621616495519316e-05,
          -1.2574741495519315e-05,
          -1.2574741495519315e-05
        ],
        [
          -1.2086460245530861e-05,
          1.0000362593807366,
          -1.2086460245530861e-05,
          -1.2086460245530861e-05
        ],
        [
          -1.2086460245530861e-05,
          -1.2086460245530861e-05,
          1.0000362593807366,
          -1.2086460245530861e-05
        ],
        [
          -1.2086460245530861e-05,
          -1.2086460245530861e-05,
          -1.2086460245530861e-05,
          1.0000362593807366
        ],
        [
          -0.20002393955017034,
          -6.16634926446238e-06,
          -1.3978849264462378e-05,
          1.2000440847486993
        ],
        [
          -0.10001761582792976,
          -1.056088051455253e-05,
          -1.2514005514552528e-05,
          1.1000406907139588
        ],
        [
          -0.05001469810743421,
          -1.202572426434203e-05,
          -1.202572426434203e-05,
          1.0500387495559629
        ],
        [
          0.19065454645823993,
          -0.06719306581991179,
          0.7067189514893729,
          0.16981956787229882
        ],
        [
          -0.8049524379281455,
          0.09233710858364534,
          1.0347638644922368,
          0.6778514648522632
        ],
        [
          0.1840449257770484,
          -0.3776686011136804,
          0.2645033975898413,
          0.9291202777467907
        ],
        [
          -0.9445668170387271,
          1.161751947163433,
          0.13457948801401473,
          0.6482353818612794
        ]
      ]
    },
    {
      "name": "circuit3",
      "scale": 0.1,
      "delta": 0.09865674899591123,
      "ratio": 0.023898239860826932,
      "tau": 0.3140967191740647,
      "Lambda": [
        [
          0.9991923666536794,
          0.0004054084927645793,
          0.00040222485355602557
        ],
        [
          0.00010706112749721204,
          0.9997900602950643,
          0.00010287857743843442
        ],
        [
          -0.000768337314086233,
          -0.0007727735503349623,
          1.0015411108644212
        ],
        [
          -0.08379079870117831,
          -0.033648593127450055,
          1.1174393918286283
        ],
        [
          -0.0696065333217535,
          -0.08771501761159163,
          1.157321550933345
        ],
        [
          -0.019084384601964485,
          -0.08758300932832584,
          1.1066673939302902
        ],
        [
          -0.016446186109475135,
          -0.0664296302638089,
          1.0828758163732841
        ],
        [
          -0.048145305451198724,
          -0.029862090670059595,
          1.0780073961212582
        ],
        [
          -0.08134170790941138,
          -0.013014812429419912,
          1.0943565203388312
        ]
      ]
    }
  ]
}