{
  "meta": {
    "normalization": "delta=max-row-neg (d3 units)"
  },
  "controlled": [
    {
      "delta": 0.23597576857533165,
      "tau": 0.4857733716202769,
      "H": 0.006550396105027527,
      "entered": true,
      "m1": 0.0629631440605195,
      "m2": 0.08720159757111756,
      "kappa": 0.12144334290506922,
      "delta_over_H2": 5499.614948854596,
      "delta_over_H": 36.0246563401283,
      "g": 0.08,
      "rad": 0.3451596638655462
    },
    {
      "delta": 0.203423991137958,
      "tau": 0.45102548834623307,
      "H": 0.008791478703526472,
      "entered": true,
      "m1": 0.06392487087692791,
      "m2": 0.07646877306923497,
      "kappa": 0.11275637208655827,
      "delta_over_H2": 2631.9541175723184,
      "delta_over_H": 23.13876857329584,
      "g": 0.04,
      "rad": 0.34934453781512603
    },
    {
      "delta": 0.1632857142856586,
      "tau": 0.40408627084529686,
      "H": 0.015139056666175925,
      "entered": true,
      "m1": 0.07975503710469978,
      "m2": 0.08462132569131088,
      "kappa": 0.10102156771132421,
      "delta_over_H2": 712.4437177257198,
      "delta_over_H": 10.785725814110718,
      "g": 0.02,
      "rad": 0.2865714285714286
    },
    {
      "delta": 0.23070588235287373,
      "tau": 0.4803185217674556,
      "H": 0.020281865447480698,
      "entered": true,
      "m1": 0.0505561175579827,
      "m2": 0.09885919157509643,
      "kappa": 0.1200796304418639,
      "delta_over_H2": 560.845027203913,
      "delta_over_H": 11.374983378638415,
      "g": 0.01,
      "rad": 0.44141176470588234
    }
  ],
  "fit": {
    "H_vs_delta_exponent_q": -0.8510782568507902,
    "implied_delta_vs_H_exponent_p": -1.1749800819730243,
    "delta_over_H2_values": [
      5499.614948854596,
      2631.9541175723184,
      712.4437177257198,
      560.845027203913
    ],
    "delta_over_H_values": [
      36.0246563401283,
      23.13876857329584,
      10.785725814110718,
      11.374983378638415
    ]
  }
}