{
  "meta": {
    "created": "2026-06-10 14:43:07",
    "C": 4.0,
    "c": 0.25,
    "normalization": "delta=max-row-neg (d3 units)"
  },
  "entered": [
    {
      "idem_ok": true,
      "delta": 0.20049999999995147,
      "tau": 0.44777226354470806,
      "kappa": 0.11194306588617702,
      "nW": 6,
      "W": [
        0,
        1,
        3,
        6,
        7,
        8
      ],
      "dist_v1": 0.00701313604831681,
      "dist_v2": 0.007767447934177076,
      "H": 0.00701313604831681,
      "m1": 0.02756962735269794,
      "m2": 0.03260677676494551,
      "v1_fails": true,
      "v2_fails": true,
      "v1_vertex": true,
      "v2_vertex": true,
      "distinct": true,
      "hypothesis_entered": true,
      "delta_over_H2": 4076.5225512594243,
      "pass": true,
      "r": 4,
      "ma": 3,
      "g": 0.05,
      "w": 0.0,
      "nh": 4,
      "shell": "ring",
      "rad": 0.3
    },
    {
      "idem_ok": true,
      "delta": 0.2504999999999554,
      "tau": 0.5004997502496434,
      "kappa": 0.12512493756241086,
      "nW": 7,
      "W": [
        0,
        1,
        3,
        6,
        7,
        8,
        9
      ],
      "dist_v1": 0.012043503400056922,
      "dist_v2": 0.005387996519326723,
      "H": 0.005387996519326723,
      "m1": 0.06527660333512604,
      "m2": 0.02970367936014333,
      "v1_fails": true,
      "v2_fails": true,
      "v1_vertex": true,
      "v2_vertex": true,
      "distinct": true,
      "hypothesis_entered": true,
      "delta_over_H2": 8628.853928766179,
      "pass": true,
      "r": 4,
      "ma": 3,
      "g": 0.1,
      "w": 0.0,
      "nh": 4,
      "shell": "ring",
      "rad": 0.3
    },
    {
      "idem_ok": true,
      "delta": 0.2004999999999328,
      "tau": 0.4477722635446872,
      "kappa": 0.1119430658861718,
      "nW": 5,
      "W": [
        0,
        1,
        2,
        6,
        7
      ],
      "dist_v1": 0.025707609806642936,
      "dist_v2": 0.025732093244553902,
      "H": 0.025707609806642936,
      "m1": 0.10161673640953146,
      "m2": 0.10280026501677447,
      "v1_fails": true,
      "v2_fails": true,
      "v1_vertex": true,
      "v2_vertex": true,
      "distinct": true,
      "hypothesis_entered": true,
      "delta_over_H2": 303.3828158556869,
      "pass": true,
      "r": 4,
      "ma": 4,
      "g": 0.05,
      "w": 0.05,
      "nh": 2,
      "shell": "ring",
      "rad": 0.3
    },
    {
      "idem_ok": true,
      "delta": 0.2499999999999541,
      "tau": 0.4999999999999541,
      "kappa": 0.12499999999998852,
      "nW": 7,
      "W": [
        0,
        1,
        3,
        4,
        7,
        8,
        9
      ],
      "dist_v1": 0.028257359217882565,
      "dist_v2": 0.00312636151204446,
      "H": 0.00312636151204446,
      "m1": 0.10886334396989034,
      "m2": 0.020187312026027193,
      "v1_fails": true,
      "v2_fails": true,
      "v1_vertex": true,
      "v2_vertex": true,
      "distinct": true,
      "hypothesis_entered": true,
      "delta_over_H2": 25577.707556403147,
      "pass": true,
      "r": 5,
      "ma": 3,
      "g": 0.1,
      "w": 0.0,
      "nh": 4,
      "shell": "ring",
      "rad": 0.3
    },
    {
      "idem_ok": true,
      "delta": 0.2504999999999715,
      "tau": 0.5004997502496595,
      "kappa": 0.12512493756241488,
      "nW": 7,
      "W": [
        0,
        1,
        2,
        4,
        7,
        8,
        9
      ],
      "dist_v1": 0.004946797770338875,
      "dist_v2": 0.019851265796917282,
      "H": 0.004946797770338875,
      "m1": 0.021930922664278315,
      "m2": 0.08306155201745374,
      "v1_fails": true,
      "v2_fails": true,
      "v1_vertex": true,
      "v2_vertex": true,
      "distinct": true,
      "hypothesis_entered": true,
      "delta_over_H2": 10236.686837268397,
      "pass": true,
      "r": 5,
      "ma": 4,
      "g": 0.1,
      "w": 0.0,
      "nh": 4,
      "shell": "ring",
      "rad": 0.3
    },
    {
      "idem_ok": true,
      "delta": 0.2504999999999606,
      "tau": 0.5004997502496485,
      "kappa": 0.12512493756241214,
      "nW": 7,
      "W": [
        0,
        1,
        2,
        4,
        8,
        9,
        10
      ],
      "dist_v1": 0.0090169133101532,
      "dist_v2": 0.02288897314202233,
      "H": 0.0090169133101532,
      "m1": 0.04081008641799322,
      "m2": 0.09541642618021064,
      "v1_fails": true,
      "v2_fails": true,
      "v1_vertex": true,
      "v2_vertex": true,
      "distinct": true,
      "hypothesis_entered": true,
      "delta_over_H2": 3081.001725538552,
      "pass": true,
      "r": 5,
      "ma": 4,
      "g": 0.1,
      "w": 0.01,
      "nh": 4,
      "shell": "ring",
      "rad": 0.3
    },
    {
      "idem_ok": true,
      "delta": 0.19749999999998233,
      "tau": 0.4444097208657596,
      "kappa": 0.1111024302164399,
      "nW": 7,
      "W": [
        0,
        1,
        2,
        4,
        5,
        8,
        9
      ],
      "dist_v1": 0.010774528141360807,
      "dist_v2": 0.020826080907587027,
      "H": 0.010774528141360807,
      "m1": 0.051055941902703045,
      "m2": 0.1084413450018832,
      "v1_fails": true,
      "v2_fails": true,
      "v1_vertex": true,
      "v2_vertex": true,
      "distinct": true,
      "hypothesis_entered": true,
      "delta_over_H2": 1701.259566607961,
      "pass": true,
      "r": 6,
      "ma": 4,
      "g": 0.05,
      "w": 0.01,
      "nh": 2,
      "shell": "ring",
      "rad": 0.3
    },
    {
      "idem_ok": true,
      "delta": 0.17954802496469757,
      "tau": 0.42373107623196293,
      "kappa": 0.10593276905799073,
      "nW": 9,
      "W": [
        0,
        1,
        2,
        4,
        5,
        8,
        9,
        10,
        11
      ],
      "dist_v1": 0.005772788904743574,
      "dist_v2": 0.00030470693335422016,
      "H": 0.00030470693335422016,
      "m1": 0.033624733055378,
      "m2": 0.0014641587606919091,
      "v1_fails": true,
      "v2_fails": true,
      "v1_vertex": true,
      "v2_vertex": true,
      "distinct": true,
      "hypothesis_entered": true,
      "delta_over_H2": 1933819.608370308,
      "pass": true,
      "r": 6,
      "ma": 4,
      "g": 0.05,
      "w": 0.01,
      "nh": 4,
      "shell": "ring",
      "rad": 0.3
    }
  ],
  "near_misses": [],
  "min_margin_over_kappa": {
    "r": 6,
    "ma": 4,
    "g": 0.05,
    "w": 0.01,
    "nh": 4,
    "shell": "ring",
    "rad": 0.3,
    "margin": 0.0014641587606919091,
    "kappa": 0.10593276905799073,
    "margin_over_kappa": 0.013821584894947713,
    "delta": 0.17954802496469757,
    "H": 0.00030470693335422016,
    "delta_over_H2": 1933819.608370308
  },
  "refutation": null,
  "summary": {
    "n_configs": 7272,
    "n_hypothesis_entered": 8,
    "min_margin_over_kappa": 0.013821584894947713,
    "verdict": "HYPOTHESIS_REALIZABLE",
    "elapsed_s": 507.81254982948303
  }
}