{
  "meta": {
    "normalization": "delta=max-row-neg (d3 units)",
    "d3_floor": 3.49
  },
  "scan": [
    {
      "g": 0.08,
      "r": 5,
      "ma": 3,
      "rad": 0.3827272727272727,
      "delta": 0.2713636363635922,
      "H": 0.0006202955123520123,
      "delta_over_H2": 705268.3131027896,
      "m1": 0.0023348931573057286,
      "m2": 0.0023348931573057286,
      "kappa": 0.13023143734415477
    }
  ],
  "global_min": {
    "g": 0.08,
    "r": 5,
    "ma": 3,
    "rad": 0.3827272727272727,
    "delta": 0.2713636363635922,
    "H": 0.0006202955123520123,
    "delta_over_H2": 705268.3131027896,
    "m1": 0.0023348931573057286,
    "m2": 0.0023348931573057286,
    "kappa": 0.13023143734415477
  },
  "verdict": "SUPPORTED (entered-region delta/H^2 >= 280 >> d3 floor 3.49; no refutation)",
  "note": "Partial: cell 1/5 completed before manual stop (r=6 cells too slow). Cell-1 min delta/H^2=705268 >> d3 floor 3.49. Dense d7_tradeoff (36288 configs) + d7_hunt (7272 configs) already establish entered-region min delta/H^2 = 280-303 >> 3.49 across all ring radii."
}