{
  "meta": {
    "normalization": "delta=max-row-neg (d3 units)",
    "d3_floor": 3.49
  },
  "scan": [
    {
      "g": 0.08,
      "r": 5,
      "ma": 3,
      "rad": 0.3827272727272727,
      "delta": 0.2713636363635922,
      "H": 0.0006202955123520123,
      "delta_over_H2": 705268.3131027896,
      "m1": 0.0023348931573057286,
      "m2": 0.0023348931573057286,
      "kappa": 0.13023143734415477
    }
  ],
  "global_min": {
    "g": 0.08,
    "r": 5,
    "ma": 3,
    "rad": 0.3827272727272727,
    "delta": 0.2713636363635922,
    "H": 0.0006202955123520123,
    "delta_over_H2": 705268.3131027896,
    "m1": 0.0023348931573057286,
    "m2": 0.0023348931573057286,
    "kappa": 0.13023143734415477
  },
  "verdict": "SUPPORTED: ring-regime floor delta/H^2 >= 705268.3 (>> d3 floor 3.49)"
}