{
  "X_hidden_rows": [
    [
      -0.015248626999894644,
      0.19309431975473426,
      0.8260113874864089,
      0.0048038381100740475,
      -0.008660918351322563
    ],
    [
      0.006101266516564799,
      0.8205556823421354,
      0.047700316740030835,
      0.14207506666857792,
      -0.016432332267309002
    ],
    [
      -0.016945935059249878,
      0.0743024754864122,
      0.1779479911505197,
      0.7444769596114266,
      0.020218508810891378
    ],
    [
      0.0706269893168448,
      0.042240055493070826,
      0.17204081368055021,
      0.40671203987608284,
      0.30838010163345125
    ],
    [
      0.1901913369822577,
      0.35714016603501986,
      0.08706624738943565,
      0.07100675914959916,
      0.2945954904436875
    ]
  ],
  "Q": [
    [
      0.1619374366772616,
      0.0032569875884396705,
      0.006159687154955211,
      0.005576857861321182,
      0.007542957792900407
    ],
    [
      -0.022231147572405435,
      0.009016609807761998,
      -0.01859478801991145,
      0.00018126970837733554,
      0.0036906729548094905
    ],
    [
      0.8963828175070802,
      0.02089119833721222,
      -0.01325346518353821,
      0.0012310443743875665,
      0.0023289848626142796
    ],
    [
      -0.21705016739959268,
      0.035713263658173136,
      0.015168289861744403,
      -0.01525909028248339,
      0.0004751250162406587
    ],
    [
      0.00719271244707114,
      -0.009410551938898712,
      0.015555044367158731,
      0.009824733301277677,
      0.002993560832997869
    ]
  ],
  "P": [
    [
      1.00072535157038,
      -0.03732887883895897,
      -0.1366298142441914,
      -0.008630179347955819,
      -0.0026104062141518915,
      0.1619374366772616,
      0.0032569875884396705,
      0.006159687154955211,
      0.005576857861321182,
      0.007542957792900407
    ],
    [
      -0.001423849844246699,
      0.9969499722912616,
      0.020889472249317385,
      0.012333363345595332,
      -0.0008115749205595709,
      -0.022231147572405435,
      0.009016609807761998,
      -0.01859478801991145,
      0.00018126970837733554,
      0.0036906729548094905
    ],
    [
      0.012786654401353598,
      -0.19012783004420364,
      0.26052493007136934,
      0.0019266488917665937,
      0.007309016781958125,
      0.8963828175070802,
      0.02089119833721222,
      -0.01325346518353821,
      0.0012310443743875665,
      0.0023289848626142796
    ],
    [
      -0.0022832333834457473,
      0.011954250104473943,
      0.17746702818551205,
      0.9908485858798364,
      0.0029659483595412665,
      -0.21705016739959268,
      0.035713263658173136,
      0.015168289861744403,
      -0.01525909028248339,
      0.0004751250162406587
    ],
    [
      -0.0008325506247160672,
      0.0036931135547162786,
      -0.010211258196812447,
      -0.014486320344413552,
      0.9956815166016191,
      0.00719271244707114,
      -0.009410551938898712,
      0.015555044367158731,
      0.009824733301277677,
      0.002993560832997869
    ],
    [
      -0.004976460419729156,
      0.03605227871149875,
      0.22225457621832936,
      0.008989875751488758,
      -0.002688842686756534,
      0.7325554135597476,
      0.019200824032198624,
      -0.01469384284112011,
      0.0008084259850478158,
      0.002497751689294866
    ],
    [
      0.005236561677626892,
      0.8103937680331987,
      0.0541159165760602,
      0.1511723810402889,
      -0.016273208983481523,
      -0.005451736734494168,
      0.01364362057176918,
      -0.013953241429970738,
      -0.0020878905592682027,
      0.003203829808270567
    ],
    [
      -0.016505310503280645,
      0.04984989123697591,
      0.18214100457090107,
      0.7387765400419546,
      0.023623834335505207,
      -0.006329911694714522,
      0.030729745124629303,
      0.007762494175635857,
      -0.011023374092773023,
      0.0009750868051662059
    ],
    [
      0.07163254109232373,
      0.012765869420833964,
      0.10508256919312943,
      0.3987656572419552,
      0.30929345728452445,
      0.07865371105316574,
      0.015828019436652324,
      0.008335450620741449,
      -0.0025629800824919047,
      0.0022057047391655592
    ],
    [
      0.19052667395027062,
      0.3343343397289324,
      0.013750758468300827,
      0.06902044241817847,
      0.2933839331032813,
      0.08761106168972325,
      0.005422139537722927,
      -0.0009638589947203751,
      0.003043414737437531,
      0.0038710953608728834
    ]
  ],
  "n": 10,
  "rank_k": 5,
  "factor_residuals": {
    "R_Lambda_minus_I_max": 1.1102230246251565e-16,
    "Lambda_R_minus_P_max": 0.0,
    "row_sum_resid": 2.220446049250313e-16,
    "idem_resid": 1.1102230246251565e-16
  }
}