{
  "label": "robust_realized",
  "params": {
    "eps": 0.0013,
    "s": 1.0675,
    "h": 0,
    "c": 0
  },
  "n": 10,
  "delta": 0.23459249106552182,
  "row_neg": [
    0.1851992786452581,
    0.04306136035712315,
    0.20338129522774184,
    0.23459249106552182,
    0.034940681104840776,
    0.0223591459476058,
    0.037766077707214636,
    0.03385859629076819,
    0.0025629800824919047,
    0.0009638589947203751
  ],
  "idem": {
    "row_sum_resid": 2.220446049250313e-16,
    "idem_resid": 1.1102230246251565e-16,
    "ok": 1
  },
  "tau": 0.4843474899960996,
  "rho": 1.9373899599843984,
  "kappa": 0.1210868724990249,
  "W": [
    0,
    1,
    2,
    3,
    4
  ],
  "nW": 5,
  "vertex_info": {
    "0": {
      "vertex": 1,
      "vertex_error": 1.6825991772987714,
      "inW": 1,
      "dist_to_CW": 0.0,
      "exposed_margin": 0.9199858036896762,
      "far": [
        1,
        2,
        3,
        4,
        5,
        6,
        7,
        8
      ]
    },
    "1": {
      "vertex": 1,
      "vertex_error": 0.40291793851935453,
      "inW": 1,
      "dist_to_CW": 0.0,
      "exposed_margin": 0.8114146697514184,
      "far": [
        0,
        2,
        3,
        4,
        5,
        7,
        8
      ]
    },
    "2": {
      "vertex": 1,
      "vertex_error": 0.46268671034179215,
      "inW": 1,
      "dist_to_CW": 0.0,
      "exposed_margin": 0.8231950864217179,
      "far": [
        0,
        1,
        3,
        4,
        6,
        7,
        8,
        9
      ]
    },
    "3": {
      "vertex": 1,
      "vertex_error": 0.5506349852604477,
      "inW": 1,
      "dist_to_CW": 0.0,
      "exposed_margin": 0.8602218149125015,
      "far": [
        0,
        1,
        2,
        4,
        5,
        6,
        9
      ]
    },
    "4": {
      "vertex": 1,
      "vertex_error": 1.4135664450822272,
      "inW": 1,
      "dist_to_CW": 0.0,
      "exposed_margin": 0.9775844646346304,
      "far": [
        0,
        1,
        2,
        3,
        5,
        6,
        7
      ]
    },
    "5": {
      "vertex": 1,
      "vertex_error": 0.04767288862983305,
      "inW": 0,
      "dist_to_CW": 0.04843598275121586,
      "exposed_margin": 0.12081742250249106,
      "far": [
        0,
        1,
        3,
        4
      ],
      "sigma_tilde": 0.7517562375919462,
      "sigma_tilde_over_tau": 1.5521010289492778,
      "outside_CW": [
        5,
        6,
        7
      ]
    },
    "6": {
      "vertex": 1,
      "vertex_error": 0.0324015118689881,
      "inW": 0,
      "dist_to_CW": 0.03342163541468873,
      "exposed_margin": 0.0838912257973897,
      "far": [
        0,
        2,
        3,
        4
      ],
      "sigma_tilde": 0.01364362057176918,
      "sigma_tilde_over_tau": 0.028169074587088394,
      "outside_CW": [
        5,
        6,
        7
      ]
    },
    "7": {
      "vertex": 1,
      "vertex_error": 0.027550645932305756,
      "inW": 0,
      "dist_to_CW": 0.03398364271796988,
      "exposed_margin": 0.06219399853285312,
      "far": [
        0,
        1,
        2,
        4
      ],
      "sigma_tilde": 0.03849223930026516,
      "sigma_tilde_over_tau": 0.07947236249861671,
      "outside_CW": [
        5,
        6,
        7
      ]
    },
    "8": {
      "vertex": 0,
      "vertex_error": -6.006480035569695e-17,
      "inW": 0,
      "dist_to_CW": 5.2258544713801314e-17,
      "exposed_margin": null,
      "far": null
    },
    "9": {
      "vertex": 0,
      "vertex_error": 1.7005711075435137e-16,
      "inW": 0,
      "dist_to_CW": 3.292721997838477e-16,
      "exposed_margin": null,
      "far": null
    }
  },
  "hidden_vertices": [
    5,
    6,
    7
  ],
  "all_dist_to_CW": [
    0.0,
    0.0,
    0.0,
    0.0,
    0.0,
    0.04843598275121586,
    0.03342163541468873,
    0.03398364271796988,
    5.2258544713801314e-17,
    3.292721997838477e-16
  ],
  "gate": "PASS",
  "v": 5,
  "H": 0.04843598275121586,
  "H_separator": 0.048435982751215745,
  "H_over_delta": 0.2064685980835067,
  "H_over_tau": 0.10000254724475997,
  "sigma_tilde": 0.7517562375919462,
  "sigma_tilde_over_tau": 1.5521010289492778,
  "outside_CW": [
    5,
    6,
    7
  ],
  "P_vv": 0.7325554135597476,
  "nu_v": 0.0223591459476058,
  "phi": [
    -2.0209152970911504,
    0.0,
    -3.3306690738754696e-16,
    0.0,
    -2.034403105162753,
    0.048435982751215745,
    0.0210998449547235,
    -0.006886297721886869,
    -0.7701005994314035,
    -0.9836865628072445
  ],
  "g": [
    2.0693512798423663,
    0.048435982751215745,
    0.04843598275121608,
    0.048435982751215745,
    2.0828390879139684,
    0.0,
    0.027336137796492244,
    0.055322280473102614,
    0.8185365821826193,
    1.0321225455584604
  ],
  "Omega": 2.0828390879139684,
  "sep_resid_Pg": 4.440892098500626e-16,
  "shallow_components": [
    {
      "t": 0.126102235537112,
      "t_over_kappaOmega": 0.5,
      "component": [
        1,
        2,
        3,
        5,
        6,
        7
      ],
      "size": 6,
      "mass_from_v": 1.0190529682732632,
      "Pi_C": 0.00012223169432666787,
      "L": 2,
      "Pi_over_tau": 0.00025236363737045933,
      "min_edge": 0.0019266488917665937
    },
    {
      "t": 0.18915335330566801,
      "t_over_kappaOmega": 0.75,
      "component": [
        1,
        2,
        3,
        5,
        6,
        7
      ],
      "size": 6,
      "mass_from_v": 1.0190529682732632,
      "Pi_C": 0.00012223169432666787,
      "L": 2,
      "Pi_over_tau": 0.00025236363737045933,
      "min_edge": 0.0019266488917665937
    },
    {
      "t": 0.252204471074224,
      "t_over_kappaOmega": 1.0,
      "component": [
        1,
        2,
        3,
        5,
        6,
        7
      ],
      "size": 6,
      "mass_from_v": 1.0190529682732632,
      "Pi_C": 0.00012223169432666787,
      "L": 2,
      "Pi_over_tau": 0.00025236363737045933,
      "min_edge": 0.0019266488917665937
    }
  ],
  "best_component": {
    "t": 0.126102235537112,
    "t_over_kappaOmega": 0.5,
    "component": [
      1,
      2,
      3,
      5,
      6,
      7
    ],
    "size": 6,
    "mass_from_v": 1.0190529682732632,
    "Pi_C": 0.00012223169432666787,
    "L": 2,
    "Pi_over_tau": 0.00025236363737045933,
    "min_edge": 0.0019266488917665937
  },
  "quotient": {
    "num_classes": 10,
    "classes": [
      [
        0
      ],
      [
        1
      ],
      [
        2
      ],
      [
        3
      ],
      [
        4
      ],
      [
        5
      ],
      [
        6
      ],
      [
        7
      ],
      [
        8
      ],
      [
        9
      ]
    ],
    "class_of_v": 5,
    "class_of_W": [
      0,
      1,
      2,
      3,
      4
    ],
    "quotient_idem": {
      "row_sum_resid": 2.220446049250313e-16,
      "idem_resid": 1.1102230246251565e-16,
      "ok": 1
    },
    "quotient_delta": 0.23459249106552182,
    "quotient_row_neg": [
      0.1851992786452581,
      0.04306136035712315,
      0.20338129522774184,
      0.23459249106552182,
      0.034940681104840776,
      0.0223591459476058,
      0.037766077707214636,
      0.03385859629076819,
      0.0025629800824919047,
      0.0009638589947203751
    ],
    "quotient_shallow_components": [
      {
        "t": 0.126102235537112,
        "t_over_kappaOmega": 0.5,
        "component": [
          1,
          2,
          3,
          5,
          6,
          7
        ],
        "size": 6,
        "mass_from_v": 1.0190529682732632,
        "Pi_C": 0.00012223169432666787,
        "L": 2,
        "Pi_over_tau": 0.00025236363737045933,
        "min_edge": 0.0019266488917665937
      },
      {
        "t": 0.18915335330566801,
        "t_over_kappaOmega": 0.75,
        "component": [
          1,
          2,
          3,
          5,
          6,
          7
        ],
        "size": 6,
        "mass_from_v": 1.0190529682732632,
        "Pi_C": 0.00012223169432666787,
        "L": 2,
        "Pi_over_tau": 0.00025236363737045933,