{
  "random": [
    {
      "P_metrics": {
        "delta": 0.010000000000000002,
        "dist_over_delta": 2.0,
        "dist_to_true_Q": 0.020000000000000004,
        "idem": 2.2502616089936645e-16,
        "row": 2.220446049250313e-16
      },
      "eps": 0.005224369347209642,
      "fixed_anchor": {
        "delta0": 0.010000000000000002,
        "delta_last": 0.00092764735907606,
        "dist_final_true_Q": 0.3777064180072331,
        "dist_start_final": 0.38223532295692103,
        "error": "",
        "idem_last": 5.9300437824094665e-16,
        "iters": 1000,
        "label": "random1_fixed_anchor",
        "last_branch_margin": 0.2495575535364451,
        "last_chart_cond": 2.953876471292474,
        "last_diag_correction": 0.0007237650081930041,
        "last_offdiag": 0.3773808685702611,
        "last_old_diag": 0.0015566329487108695,
        "last_project_step": 0.001856862154478462,
        "last_project_to_retract": 0.0018552947181523045,
        "min_entry_last": -0.00092764735907606,
        "row_last": 1.1102230246251565e-16,
        "status": "ok"
      },
      "idx": 1,
      "k": 2,
      "moving": {
        "delta0": 0.010000000000000002,
        "delta_last": 0.004386033463875382,
        "dist_final_true_Q": 1.3210782743769591,
        "dist_start_final": 1.3248934356156579,
        "error": "",
        "idem_last": 4.027844952101539e-16,
        "iters": 1000,
        "label": "random1_moving",
        "last_branch_margin": 0.25,
        "last_chart_cond": 3.131148656500592,
        "last_diag_correction": 7.714776083592167e-16,
        "last_offdiag": 8.080655437632136e-16,
        "last_old_diag": 0.00877206692775095,
        "last_project_step": 0.008772066927751758,
        "last_project_to_retract": 0.008772066927751272,
        "min_entry_last": -0.0043500356960168305,
        "row_last": 2.220446049250313e-16,
        "status": "ok"
      },
      "n": 5,
      "similarity_to_true_Q": {
        "D_min_svd": 0.999884089275609,
        "S_bound_row": 0.06021011421602681,
        "S_delta": 0.010000000000000002,
        "S_min_entry": -0.009641966288974397,
        "S_minus_I": 0.020000000000000004,
        "S_row_resid": 2.220446049250313e-16,
        "Sinv_neumann_bound": 1.0169007917089146,
        "Sinv_norm": 1.0164959604327175,
        "dist": 0.020000000000000004,
        "intertwine_resid": 2.2502616089936645e-16
      },
      "target_delta": 0.01
    },
    {
      "P_metrics": {
        "delta": 0.03,
        "dist_over_delta": 2.391096988557568,
        "dist_to_true_Q": 0.07173290965672703,
        "idem": 2.3483819056036026e-16,
        "row": 1.1102230246251565e-16
      },
      "eps": 0.012521366705102607,
      "fixed_anchor": {
        "delta0": 0.03,
        "delta_last": 0.0009450774802308933,
        "dist_final_true_Q": 0.7821530328728723,
        "dist_start_final": 0.8064294373418956,
        "error": "",
        "idem_last": 9.92715837918462e-16,
        "iters": 1000,
        "label": "random2_fixed_anchor",
        "last_branch_margin": 0.24921800829715937,
        "last_chart_cond": 2.545540076128118,
        "last_diag_correction": 0.0005115560200052729,
        "last_offdiag": 0.7825195395040703,
        "last_old_diag": 0.0024017109804666415,
        "last_project_step": 0.0018916969087301538,
        "last_project_to_retract": 0.0018901549604613205,
        "min_entry_last": -0.0008041278140592531,
        "row_last": 5.551115123125783e-16,
        "status": "ok"
      },
      "idx": 2,
      "k": 3,
      "moving": {
        "delta0": 0.03,
        "delta_last": 0.00010415708591318386,
        "dist_final_true_Q": 1.4904071393094753,
        "dist_start_final": 1.5137744643798718,
        "error": "",
        "idem_last": 9.126214413649447e-16,
        "iters": 1000,
        "label": "random2_moving",
        "last_branch_margin": 0.24999999999997238,
        "last_chart_cond": 3.518718101852703,
        "last_diag_correction": 4.0417039275061184e-14,
        "last_offdiag": 0.00018148959278364025,
        "last_old_diag": 0.00020831417182636905,
        "last_project_step": 0.00020846194621926953,
        "last_project_to_retract": 0.00020831417182658982,
        "min_entry_last": -0.00010413621679307413,
        "row_last": 4.440892098500626e-16,
        "status": "ok"
      },
      "n": 6,
      "similarity_to_true_Q": {
        "D_min_svd": 0.9995393282364853,
        "S_bound_row": 0.2207467497923286,
        "S_delta": 0.04812607077771368,
        "S_min_entry": -0.030256802652972814,
        "S_minus_I": 0.09625214155542704,
        "S_row_resid": 3.3306690738754696e-16,
        "Sinv_neumann_bound": 1.091145560764528,
        "Sinv_norm": 1.0849153903302715,
        "dist": 0.07173290965672703,
        "intertwine_resid": 2.9967348047499343e-16
      },
      "target_delta": 0.03
    },
    {
      "P_metrics": {
        "delta": 0.060000000000000005,
        "dist_over_delta": 2.1353729610851104,
        "dist_to_true_Q": 0.12812237766510665,
        "idem": 4.568827954853916e-16,
        "row": 2.220446049250313e-16
      },
      "eps": 0.021436194308743675,
      "fixed_anchor": {
        "delta0": 0.060000000000000005,
        "delta_last": 0.0009679330253900298,
        "dist_final_true_Q": 0.7492982175994195,
        "dist_start_final": 0.8674831303703363,
        "error": "",
        "idem_last": 1.7424630807136657e-15,
        "iters": 1000,
        "label": "random3_fixed_anchor",
        "last_branch_margin": 0.24922879248268384,
        "last_chart_cond": 2.7038118498954784,
        "last_diag_correction": 0.0011256082126048467,
        "last_offdiag": 0.7489906282927736,
        "last_old_diag": 0.00162749675478539,
        "last_project_step": 0.0019377408287369904,
        "last_project_to_retract": 0.0019358660507795855,
        "min_entry_last": -0.000959618009962465,
        "row_last": 1.1102230246251565e-15,
        "status": "ok"
      },
      "idx": 3,
      "k": 3,
      "moving": {
        "delta0": 0.060000000000000005,
        "delta_last": 0.0297192304371251,
        "dist_final_true_Q": 1.7152271233209482,
        "dist_start_final": 1.717504808001521,
        "error": "",
        "idem_last": 6.070798728392623e-16,
        "iters": 1000,
        "label": "random3_moving",
        "last_branch_margin": 0.25,
        "last_chart_cond": 3.255477716491864,
        "last_diag_correction": 1.0509957189970705e-15,
        "last_offdiag": 6.19530512291938e-12,
        "last_old_diag": 0.05943846087425003,
        "last_project_step": 0.05943846087424998,
        "last_project_to_retract": 0.05943846087424996,
        "min_entry_last": -0.028973861358792968,
        "row_last": 5.551115123125783e-16,
        "status": "ok"
      },
      "n": 7,
      "similarity_to_true_Q": {
        "D_min_svd": 0.9977148003535322,
        "S_bound_row": 0.4071975621423616,
        "S_delta": 0.060000000000000005,
        "S_min_entry": -0.05462511708887971,
        "S_minus_I": 0.13728504344774148,
        "S_row_resid": 2.220446049250313e-16,
        "Sinv_neumann_bound": 1.156341801484635,
        "Sinv_norm": 1.137366634275859,
        "dist": 0.12812237766510665,
        "intertwine_resid": 4.568827954853916e-16
      },
      "target_delta": 0.06
    }
  ],
  "w16": {
    "P_metrics": {
      "delta": 0.2284002678967354,
      "idem": 2.3592239273284576e-16,
      "norm": 1.4568005357934706,
      "row": 1.1102230246251565e-16
    },
    "anchor_metrics": {
      "delta": 0.0,
      "dist_P_anchor": 1.9372524801592854,
      "dist_over_delta": 8.481831032856574,
      "idem": 0.0,
      "row": 1.1102230246251565e-16
    },
    "fixed_anchor": {
      "delta0": 0.2284002678967354,
      "delta_last": 0.0010109274320195647,
      "dist_final_anchor": 0.3888524805060197,
      "dist_start_final": 1.768130658776862,
      "error": "",
      "idem_last": 1.4895311546692103e-15,
      "iters": 1000,
      "label": "w16_fixed_anchor",