{
  "audit_stress": [
    {
      "case": "w20_stress_4_1e-05",
      "nsmall": 4,
      "theta": 1e-05,
      "q_total": 3.96e-05,
      "q_alpha_max": 5e-06,
      "eps_recode": 7.920000000003731e-05,
      "bound_2_removed": 8.92e-05,
      "eps_over_2_removed": 0.8878923766820326,
      "old_eps_over_mu_after_div8": 62.73018905349489,
      "mu_after": 1.0100399975839045e-05,
      "survivor_relative_shift": 3.960000000003731e-05,
      "survivor_shift_bound_qmax": 3.96e-05,
      "face_l1_shift": 1.0000000000032756e-05,
      "face_l1_bound": 1e-05,
      "hm_residual": {
        "idempotence": 0.0,
        "row_sum": 0.0,
        "negative_part": 0.0
      },
      "passes_removed_mass": true,
      "passes_survivor_shift": true,
      "passes_face_shift": true
    },
    {
      "case": "w20_stress_8_1e-05",
      "nsmall": 8,
      "theta": 1e-05,
      "q_total": 7.919999999999999e-05,
      "q_alpha_max": 5e-06,
      "eps_recode": 0.0001583999999998918,
      "bound_2_removed": 0.00016839999999999997,
      "eps_over_2_removed": 0.9406175771965073,
      "old_eps_over_mu_after_div8": 125.45540967912221,
      "mu_after": 1.0100799983358682e-05,
      "survivor_relative_shift": 7.919999999989182e-05,
      "survivor_shift_bound_qmax": 7.919999999999999e-05,
      "face_l1_shift": 1.0000000000032756e-05,
      "face_l1_bound": 1e-05,
      "hm_residual": {
        "idempotence": 1.1102230246251565e-16,
        "row_sum": 1.1102230246251565e-16,
        "negative_part": 0.0
      },
      "passes_removed_mass": true,
      "passes_survivor_shift": true,
      "passes_face_shift": true
    },
    {
      "case": "w20_stress_20_1e-05",
      "nsmall": 20,
      "theta": 1e-05,
      "q_total": 0.00019799999999999996,
      "q_alpha_max": 5e-06,
      "eps_recode": 0.0003960000000000615,
      "bound_2_removed": 0.00040599999999999995,
      "eps_over_2_removed": 0.9753694581282304,
      "old_eps_over_mu_after_div8": 313.6012609901477,
      "mu_after": 1.0102000196038817e-05,
      "survivor_relative_shift": 0.00019800000000006146,
      "survivor_shift_bound_qmax": 0.00019799999999999996,
      "face_l1_shift": 1.0000000000032756e-05,
      "face_l1_bound": 1e-05,
      "hm_residual": {
        "idempotence": 0.0,
        "row_sum": 0.0,
        "negative_part": 0.0
      },
      "passes_removed_mass": true,
      "passes_survivor_shift": true,
      "passes_face_shift": true
    },
    {
      "case": "w20_stress_20_0.0001",
      "nsmall": 20,
      "theta": 0.0001,
      "q_total": 0.001979999999999999,
      "q_alpha_max": 5e-05,
      "eps_recode": 0.003959999999999965,
      "bound_2_removed": 0.0040599999999999985,
      "eps_over_2_removed": 0.9753694581280706,
      "old_eps_over_mu_after_div8": 313.0423128712844,
      "mu_after": 0.00010120037674595699,
      "survivor_relative_shift": 0.0019799999999999653,
      "survivor_shift_bound_qmax": 0.001979999999999999,
      "face_l1_shift": 9.999999999999449e-05,
      "face_l1_bound": 0.0001,
      "hm_residual": {
        "idempotence": 0.0,
        "row_sum": 0.0,
        "negative_part": 0.0
      },
      "passes_removed_mass": true,
      "passes_survivor_shift": true,
      "passes_face_shift": true
    }
  ],
  "mixed_degenerations": {
    "cases": [
      {
        "case": "mixed_0",
        "q": [
          1.010249675840041e-06,
          1.2933850692523344e-07,
          1.1635173585344454e-08,
          1.0313710789601405e-06
        ],
        "q_total": 2.1825944353107593e-06,
        "r_max": 1.2175385375451502e-05,
        "eps_recode": 2.5875915523418252e-05,
        "bound_2_removed": 2.8715959621524522e-05,
        "eps_over_bound": 0.9010987570835882,
        "mu_after": 0.1635184866335125,
        "survivor_relative_shift": 1.031371079043735e-06,
        "survivor_shift_bound_qmax": 1.0313710789601405e-06,
        "max_face_l1_shift": 2.4350770750852917e-05,
        "max_face_l1_bound": 2.4350770750903004e-05,
        "hm_residual": {
          "idempotence": 1.1102230246251565e-16,
          "row_sum": 2.220446049250313e-16,
          "negative_part": 0.0
        },
        "passes": true
      },
      {
        "case": "mixed_1",
        "q": [
          1.215328151271246e-07,
          1.0460891170250908e-08,
          1.0858238907648534e-09,
          1.036148355372767e-06
        ],
        "q_total": 1.1692278855609073e-06,
        "r_max": 1.3981646459764618e-05,
        "eps_recode": 2.8036004900098563e-05,
        "bound_2_removed": 3.030174869065105e-05,
        "eps_over_bound": 0.9252272925340598,
        "mu_after": 0.18516641872750658,
        "survivor_relative_shift": 1.0361483553156063e-06,
        "survivor_shift_bound_qmax": 1.036148355372767e-06,
        "max_face_l1_shift": 2.7963292919479955e-05,
        "max_face_l1_bound": 2.7963292919529235e-05,
        "hm_residual": {
          "idempotence": 5.551115123125783e-17,
          "row_sum": 1.1102230246251565e-16,
          "negative_part": 0.0
        },
        "passes": true
      },
      {
        "case": "mixed_2",
        "q": [
          1.104761139887194e-06,
          1.1525521229753882e-06,
          1.0455512646541926e-06,
          1.2467530084782323e-07
        ],
        "q_total": 3.427539828364598e-06,
        "r_max": 7.464034840168155e-06,
        "eps_recode": 1.579520815592207e-05,
        "bound_2_removed": 2.1783149337065505e-05,
        "eps_over_bound": 0.7251113193740748,
        "mu_after": 0.2118274427398772,
        "survivor_relative_shift": 1.1525521230146482e-06,
        "survivor_shift_bound_qmax": 1.1525521229753882e-06,
        "max_face_l1_shift": 1.492806968042253e-05,
        "max_face_l1_bound": 1.492806968033631e-05,
        "hm_residual": {
          "idempotence": 5.551115123125783e-17,
          "row_sum": 2.220446049250313e-16,
          "negative_part": 0.0
        },
        "passes": true
      },
      {
        "case": "mixed_3",
        "q": [
          1.1930634643640932e-09,
          1.1403731322445124e-06,
          1.0361235481355155e-07,
          1.1854456165124219e-08
        ],
        "q_total": 1.2570330066875524e-06,
        "r_max": 9.556802347808401e-06,
        "eps_recode": 1.9635604376351887e-05,
        "bound_2_removed": 2.1627670708991907e-05,
        "eps_over_bound": 0.9078927010012317,
        "mu_after": 0.16608101555018745,
        "survivor_relative_shift": 1.140373132207886e-06,
        "survivor_shift_bound_qmax": 1.1403731322445124e-06,
        "max_face_l1_shift": 1.9113604695657125e-05,
        "max_face_l1_bound": 1.9113604695616803e-05,
        "hm_residual": {
          "idempotence": 2.7755575615628914e-17,
          "row_sum": 2.220446049250313e-16,
          "negative_part": 0.0
        },
        "passes": true
      },
      {
        "case": "mixed_4",
        "q": [
          1.119685307676267e-06,
          1.1709030470250836e-07,
          1.0768971862971609e-08,
          1.0577430409773184e-06
        ],
        "q_total": 2.3052876252190653e-06,
        "r_max": 9.147098730458324e-06,
        "eps_recode": 1.9426244512465647e-05,
        "bound_2_removed": 2.2904772711354777e-05,
        "eps_over_bound": 0.8481308571481834,
        "mu_after": 0.243721811433628,
        "survivor_relative_shift": 1.1196853077247667e-06,
        "survivor_shift_bound_qmax": 1.119685307676267e-06,
        "max_face_l1_shift": 1.8294197460858196e-05,
        "max_face_l1_bound": 1.8294197460916648e-05,
        "hm_residual": {
          "idempotence": 5.551115123125783e-17,
          "row_sum": 0.0,
          "negative_part": 0.0
        },
        "passes": true
      },
      {
        "case": "mixed_5",
        "q": [
          1.210001091946276e-07,
          1.090416429131304e-08,
          1.151260114642708e-09,
          1.0799125042028238e-06
        ],
        "q_total": 1.2129680378034072e-06,
        "r_max": 1.2117027429803318e-05,
        "eps_recode": 2.4340326468466695e-05,