{
  "seed": 20260604,
  "random_samples": 60000,
  "de_iters": 250,
  "w": 0.3333335956714322,
  "S": [
    [
      0.898227448031243,
      0.080775016563432,
      0.020997535405324
    ],
    [
      1.26e-13,
      0.035617654630204,
      0.96438234536967
    ],
    [
      0.209708513035723,
      0.28239447278829,
      0.507897014175988
    ]
  ],
  "leading_ratio": 1.1851851851841688,
  "defect_coeff": 0.7619817120805252,
  "eta_coeff": 0.6429220695684945,
  "optimizer_fun": -1.1851851851841688,
  "optimizer_success": true,
  "optimizer_message": "Optimization terminated successfully."
}