{
  "ns": [
    2,
    3,
    4,
    5,
    6,
    7,
    8
  ],
  "smin": [
    1.0994144589380657,
    1.2789808154541489,
    1.4494897427831779,
    1.60639928422963,
    1.7512754284637084,
    1.8860887239584307,
    2.012492392267309
  ],
  "smax": [
    2.4065094737976667,
    2.9772819943196907,
    3.4494897427831783,
    3.8625744445416887,
    4.234741358531741,
    4.576316130399739,
    4.893860885953564
  ],
  "inv": [
    0.9095750850556478,
    0.781872556583199,
    0.6898979485566358,
    0.622510237533854,
    0.5710124082979007,
    0.5301977511965869,
    0.4968962883250369
  ]
}