{
  "label": "d13_d1e-02",
  "n": 10,
  "idem_resid": 0.0,
  "row_sum_resid": 1.7763568394002505e-15,
  "delta": 14.090397049464231,
  "target_delta": 0.01,
  "generator": "G1_fixed_tau",
  "entry_ratio": 6.729074099937835,
  "tau": 3.7537177636929804,
  "rho": 15.014871054771922,
  "kappa": 0.9384294409232451,
  "v": 6,
  "nW": 3,
  "W": [
    5,
    7,
    8
  ],
  "v_vertex": true,
  "H_dist": 25.259044982143003,
  "max_height_vertex": 6,
  "max_height": 25.259044982143003,
  "v_is_max_height": true,
  "target_vertex": 6,
  "H": 25.259044982143003,
  "R": 36.68286870818904,
  "sep_resid_Pg": 1.0658141036401503e-14,
  "g_v_target": 0.0,
  "tstar": 0.7414089966385145,
  "tstar_over_kappa": 0.7900530016503978,
  "A": 0.0,
  "B": 0.7414089966385146,
  "gamma": 0.25859100336148555,
  "MU": 1.0,
  "ident_resid": 1.6653345369377348e-15,
  "massbal_resid": 1.1102230246251565e-16,
  "B_minus_tstar": 1.1102230246251565e-16,
  "v_fails_exposed": true,
  "witness_identity_ok": true,
  "depth_profile": {
    "E/H=0.0": 0.2588150966865395,
    "E/H=0.1": 0.2588150966865395,
    "E/H=0.25": 0.2588150966865395,
    "E/H=0.5": 1.0,
    "E/H=0.75": 1.0,
    "E/H=0.9": 1.0,
    "E/H=1.0": 1.0
  },
  "m_star_observed": 1.0,
  "E_dmf_5delta_over_tau": 18.768588818464906,
  "shallow_mass_g_lt_Hhalf": 0.0,
  "mu_rows": {
    "0": {
      "vertex": true,
      "inW": false,
      "class": "hidden-vertex",
      "o": 0.0,
      "within_rho": false,
      "g": 18.825253660944725,
      "dist_over_rho": 1.6081409918950007,
      "mu": 0.7411849033134604,
      "g_over_H": 0.7452876256506659
    },
    "7": {
      "vertex": true,
      "inW": true,
      "class": "W-vertex",
      "o": 11.927204648215817,
      "within_rho": false,
      "g": 27.766150809992915,
      "dist_over_rho": 1.8492433740327376,
      "mu": 0.2588150966865395,
      "g_over_H": 1.099255764801176
    }
  },
  "class_composition": {
    "hidden-vertex": 0.7411849033134604,
    "W-vertex": 0.2588150966865395
  },
  "sigma_v": 13.073014815598226,
  "sigma_tilde": 13.073014815598226,
  "P_vv": 0.0,
  "nu_v": 12.073014815598226,
  "exchange_LHS": 21.139292821040037,
  "exchange_bound_tstarR": 27.197008882760798,
  "exchange_bound_kappaR": 34.42428397328664,
  "shallow_fraction": 0.0,
  "ALL_SHALLOW": false,
  "gate": "PASS",
  "P": [
    [
      1.0,
      0.0,
      0.0,
      0.0,
      0.0,
      0.0,
      0.0,
      0.0,
      0.0,
      0.0
    ],
    [
      0.0,
      1.0,
      0.0,
      0.0,
      0.0,
      0.0,
      0.0,
      0.0,
      0.0,
      0.0
    ],
    [
      0.0,
      0.0,
      1.0,
      0.0,
      0.0,
      0.0,
      0.0,
      0.0,
      0.0,
      0.0
    ],
    [
      0.0,
      0.0,
      0.0,
      1.0,
      0.0,
      0.0,
      0.0,
      0.0,
      0.0,
      0.0
    ],
    [
      0.0,
      0.0,
      0.0,
      0.0,
      1.0,
      0.0,
      0.0,
      0.0,
      0.0,
      0.0
    ],
    [
      -1.1386718525347719,
      -1.0782238080643682,
      -1.5283144873395818,
      1.671498665394251,
      3.073711482544471,
      0.0,
      0.0,
      0.0,
      0.0,
      0.0
    ],
    [
      8.253868717381446,
      2.1587581130909164,
      -2.9025215741933614,
      -9.170493241404865,
      2.660387985125863,
      0.0,
      0.0,
      0.0,
      0.0,
      0.0
    ],
    [
      1.287446215901181,
      -4.757894790425278,
      0.4248734924087514,
      -0.7057075336826306,
      4.751282615797976,
      0.0,
      0.0,
      0.0,
      0.0,
      0.0
    ],
    [
      0.4,
      -5.687432272300603,
      -0.07512312216881473,
      6.199279143744043,
      0.16327625072537416,
      0.0,
      0.0,
      0.0,
      0.0,
      0.0
    ],
    [
      -3.552062077199937,
      -4.37674544642222,
      10.328257710649972,
      4.762139338814261,
      -6.161589525842075,
      0.0,
      0.0,
      0.0,
      0.0,
      0.0
    ]
  ]
}