{
  "label": "d13_d1e-03",
  "n": 7,
  "idem_resid": 0.0,
  "row_sum_resid": 1.1102230246251565e-15,
  "delta": 7.374491899467198,
  "target_delta": 0.001,
  "generator": "G1_fixed_tau",
  "entry_ratio": 8.438149399198503,
  "tau": 2.7156015722979685,
  "rho": 10.862406289191874,
  "kappa": 0.6789003930744921,
  "v": 6,
  "nW": 1,
  "W": [
    3
  ],
  "v_vertex": true,
  "H_dist": 22.914651775748613,
  "max_height_vertex": 6,
  "max_height": 22.914651775748613,
  "v_is_max_height": true,
  "target_vertex": 6,
  "H": 22.914651775748613,
  "R": 22.914651775748613,
  "sep_resid_Pg": 2.842170943040401e-14,
  "g_v_target": 0.0,
  "tstar": 0.6237124937776017,
  "tstar_over_kappa": 0.918709872818066,
  "A": 0.0,
  "B": 0.6237124937776017,
  "gamma": 0.37628750622239826,
  "MU": 1.0,
  "ident_resid": 8.881784197001252e-16,
  "massbal_resid": 0.0,
  "B_minus_tstar": 0.0,
  "v_fails_exposed": true,
  "witness_identity_ok": true,
  "depth_profile": {
    "E/H=0.0": 0.0,
    "E/H=0.1": 0.0,
    "E/H=0.25": 0.0,
    "E/H=0.5": 1.0,
    "E/H=0.75": 1.0,
    "E/H=0.9": 1.0,
    "E/H=1.0": 1.0
  },
  "m_star_observed": 1.0,
  "E_dmf_5delta_over_tau": 13.578007861489843,
  "shallow_mass_g_lt_Hhalf": 0.0,
  "mu_rows": {
    "0": {
      "vertex": true,
      "inW": false,
      "class": "hidden-vertex",
      "o": 0.0,
      "within_rho": false,
      "g": 14.748983798934397,
      "dist_over_rho": 1.3578007861489843,
      "mu": 0.7689637139183446,
      "g_over_H": 0.6436486115204145
    },
    "4": {
      "vertex": true,
      "inW": false,
      "class": "hidden-vertex",
      "o": 14.60178481866975,
      "within_rho": false,
      "g": 12.77167883275509,
      "dist_over_rho": 1.7253578166392225,
      "mu": 0.2310362860816554,
      "g_over_H": 0.5573586261638857
    }
  },
  "class_composition": {
    "hidden-vertex": 1.0
  },
  "sigma_v": 8.374491899467198,
  "sigma_tilde": 8.374491899467198,
  "P_vv": 0.0,
  "nu_v": 7.374491899467198,
  "exchange_LHS": 14.292154603097517,
  "exchange_bound_tstarR": 14.292154603097517,
  "exchange_bound_kappaR": 15.556766097720843,
  "shallow_fraction": 0.0,
  "ALL_SHALLOW": false,
  "gate": "PASS",
  "P": [
    [
      1.0,
      0.0,
      0.0,
      0.0,
      0.0,
      0.0,
      0.0
    ],
    [
      0.0,
      1.0,
      0.0,
      0.0,
      0.0,
      0.0,
      0.0
    ],
    [
      0.0,
      0.0,
      1.0,
      0.0,
      0.0,
      0.0,
      0.0
    ],
    [
      -3.0669652876877675,
      4.082833988407107,
      -0.01586870071934049,
      0.0,
      0.0,
      0.0,
      0.0
    ],
    [
      -5.81223992624522,
      -0.9886524830896548,
      7.800892409334874,
      0.0,
      0.0,
      0.0,
      0.0
    ],
    [
      6.62824487368324,
      -6.294911540349906,
      0.6666666666666666,
      0.0,
      0.0,
      0.0,
      0.0
    ],
    [
      3.5585288730389046,
      -7.374491899467198,
      4.815963026428293,
      0.0,
      0.0,
      0.0,
      0.0
    ]
  ]
}