{
  "label": "d13_d3e-03",
  "n": 8,
  "idem_resid": 0.0,
  "row_sum_resid": 2.220446049250313e-15,
  "delta": 10.540570207170498,
  "target_delta": 0.003,
  "generator": "G1_fixed_tau",
  "entry_ratio": 6.66986771564012,
  "tau": 3.24662443272555,
  "rho": 12.9864977309022,
  "kappa": 0.8116561081813874,
  "v": 6,
  "nW": 2,
  "W": [
    2,
    5
  ],
  "v_vertex": true,
  "H_dist": 21.65455548864456,
  "max_height_vertex": 6,
  "max_height": 21.65455548864456,
  "v_is_max_height": true,
  "target_vertex": 6,
  "H": 21.65455548864456,
  "R": 23.4076783179163,
  "sep_resid_Pg": 5.3290705182007514e-14,
  "g_v_target": 0.0,
  "tstar": 0.731492471249689,
  "tstar_over_kappa": 0.9012344808057754,
  "A": 0.0,
  "B": 0.7314924712496887,
  "gamma": 0.2685075287503125,
  "MU": 1.0000000000000002,
  "ident_resid": 2.220446049250313e-15,
  "massbal_resid": 1.2212453270876722e-15,
  "B_minus_tstar": 2.220446049250313e-16,
  "v_fails_exposed": true,
  "witness_identity_ok": true,
  "depth_profile": {
    "E/H=0.0": 0.42641415263660587,
    "E/H=0.1": 0.42641415263660587,
    "E/H=0.25": 0.42641415263660587,
    "E/H=0.5": 1.0000000000000002,
    "E/H=0.75": 1.0000000000000002,
    "E/H=0.9": 1.0000000000000002,
    "E/H=1.0": 1.0000000000000002
  },
  "m_star_observed": 1.0000000000000002,
  "E_dmf_5delta_over_tau": 16.233122163627748,
  "shallow_mass_g_lt_Hhalf": 0.0,
  "mu_rows": {
    "4": {
      "vertex": true,
      "inW": false,
      "class": "hidden-vertex",
      "o": 22.081140414341,
      "within_rho": false,
      "g": 13.498076568762205,
      "dist_over_rho": 1.2231368397083555,
      "mu": 0.5735858473633944,
      "g_over_H": 0.6233365804179386
    },
    "5": {
      "vertex": true,
      "inW": true,
      "class": "W-vertex",
      "o": 18.595481891191643,
      "within_rho": false,
      "g": 21.65455548864456,
      "dist_over_rho": 2.2213365452443847,
      "mu": 0.42641415263660587,
      "g_over_H": 1.0
    }
  },
  "class_composition": {
    "hidden-vertex": 0.5735858473633944,
    "W-vertex": 0.42641415263660587
  },
  "sigma_v": 11.12288361177674,
  "sigma_tilde": 11.12288361177674,
  "P_vv": 0.0,
  "nu_v": 10.12288361177674,
  "exchange_LHS": 16.97611461588218,
  "exchange_bound_tstarR": 17.12254045899035,
  "exchange_bound_kappaR": 18.99898508508179,
  "shallow_fraction": 0.0,
  "ALL_SHALLOW": false,
  "gate": "PASS",
  "P": [
    [
      1.0,
      0.0,
      0.0,
      0.0,
      0.0,
      0.0,
      0.0,
      0.0
    ],
    [
      0.0,
      1.0,
      0.0,
      0.0,
      0.0,
      0.0,
      0.0,
      0.0
    ],
    [
      0.0,
      0.0,
      1.0,
      0.0,
      0.0,
      0.0,
      0.0,
      0.0
    ],
    [
      0.0,
      0.0,
      0.0,
      1.0,
      0.0,
      0.0,
      0.0,
      0.0
    ],
    [
      -7.098918063245224,
      6.757833984055654,
      -3.4416521439252743,
      4.782736223114847,
      0.0,
      0.0,
      0.0,
      0.0
    ],
    [
      -2.7790943030078323,
      9.29774094559582,
      0.5,
      -6.018646642587989,
      0.0,
      0.0,
      0.0,
      0.0
    ],
    [
      0.1719719445554922,
      5.496933555179393,
      -10.12288361177674,
      5.453978112041853,
      0.0,
      0.0,
      0.0,
      0.0
    ],
    [
      -8.184118195773245,
      9.82286539742722,
      1.3483220576294712,
      -1.9870692592834462,
      0.0,
      0.0,
      0.0,
      0.0
    ]
  ]
}