{
  "label": "d13_d5e-02",
  "n": 7,
  "idem_resid": 0.0,
  "row_sum_resid": 4.440892098500626e-16,
  "delta": 0.05000000000000002,
  "target_delta": 0.05,
  "generator": "G2_canonical",
  "entry_ratio": 0.44721359549995937,
  "tau": 0.22360679774997902,
  "rho": 0.8944271909999161,
  "kappa": 0.055901699437494755,
  "v": 6,
  "nW": 6,
  "W": [
    0,
    1,
    2,
    3,
    4,
    5
  ],
  "v_vertex": true,
  "H_dist": 0.10000000000000034,
  "max_height_vertex": 6,
  "max_height": 0.10000000000000034,
  "v_is_max_height": true,
  "target_vertex": 6,
  "H": 0.10000000000000053,
  "R": 2.1000000000000005,
  "sep_resid_Pg": 5.204170427930421e-16,
  "g_v_target": 0.0,
  "tstar": 0.04761904761904763,
  "tstar_over_kappa": 0.8518354199999199,
  "A": 0.0,
  "B": 0.04761904761904763,
  "gamma": 0.9523809523809523,
  "MU": 0.9999999999999998,
  "ident_resid": 3.885780586188048e-16,
  "massbal_resid": 0.0,
  "B_minus_tstar": 0.0,
  "v_fails_exposed": true,
  "witness_identity_ok": true,
  "depth_profile": {
    "E/H=0.0": 0.9999999999999998,
    "E/H=0.1": 0.9999999999999998,
    "E/H=0.25": 0.9999999999999998,
    "E/H=0.5": 0.9999999999999998,
    "E/H=0.75": 0.9999999999999998,
    "E/H=0.9": 0.9999999999999998,
    "E/H=1.0": 0.9999999999999998
  },
  "m_star_observed": 0.9999999999999998,
  "E_dmf_5delta_over_tau": 1.1180339887498951,
  "shallow_mass_g_lt_Hhalf": 0.0,
  "mu_rows": {
    "1": {
      "vertex": true,
      "inW": true,
      "class": "W-vertex",
      "o": 0.0,
      "within_rho": false,
      "g": 0.10000000000000053,
      "dist_over_rho": 1.7505374197349595,
      "mu": 0.25441511091724694,
      "g_over_H": 1.0
    },
    "2": {
      "vertex": true,
      "inW": true,
      "class": "W-vertex",
      "o": 0.0,
      "within_rho": false,
      "g": 0.10000000000000053,
      "dist_over_rho": 1.8279558898344925,
      "mu": 0.22144121342075376,
      "g_over_H": 1.0
    },
    "3": {
      "vertex": true,
      "inW": true,
      "class": "W-vertex",
      "o": 0.0,
      "within_rho": false,
      "g": 0.10000000000000053,
      "dist_over_rho": 1.8374221717376478,
      "mu": 0.2174093563103479,
      "g_over_H": 1.0
    },
    "4": {
      "vertex": true,
      "inW": true,
      "class": "W-vertex",
      "o": 0.0,
      "within_rho": false,
      "g": 0.10000000000000053,
      "dist_over_rho": 1.702670568091923,
      "mu": 0.2748024507539573,
      "g_over_H": 1.0
    },
    "5": {
      "vertex": true,
      "inW": true,
      "class": "W-vertex",
      "o": 0.0,
      "within_rho": false,
      "g": 0.10000000000000053,
      "dist_over_rho": 2.2728994561000926,
      "mu": 0.03193186859769397,
      "g_over_H": 1.0
    }
  },
  "class_composition": {
    "W-vertex": 0.9999999999999998
  },
  "sigma_v": 1.0500000000000003,
  "sigma_tilde": 0.0,
  "P_vv": 0.0,
  "nu_v": 0.05000000000000002,
  "exchange_LHS": 0.1000000000000005,
  "exchange_bound_tstarR": 0.10000000000000005,
  "exchange_bound_kappaR": 0.11739356881873901,
  "shallow_fraction": 0.0,
  "ALL_SHALLOW": false,
  "gate": "PASS",
  "P": [
    [
      1.0,
      0.0,
      0.0,
      0.0,
      0.0,
      0.0,
      0.0
    ],
    [
      0.0,
      1.0,
      0.0,
      0.0,
      0.0,
      0.0,
      0.0
    ],
    [
      0.0,
      0.0,
      1.0,
      0.0,
      0.0,
      0.0,
      0.0
    ],
    [
      0.0,
      0.0,
      0.0,
      1.0,
      0.0,
      0.0,
      0.0
    ],
    [
      0.0,
      0.0,
      0.0,
      0.0,
      1.0,
      0.0,
      0.0
    ],
    [
      0.0,
      0.0,
      0.0,
      0.0,
      0.0,
      1.0,
      0.0
    ],
    [
      -0.05000000000000002,
      0.2671358664631097,
      0.23251327409179146,
      0.2282798241258653,
      0.28854257329165517,
      0.03352846202757867,
      0.0
    ]
  ]
}