{
  "source": "agent-B/experiments/null-ideal-probe/targeted-r3-scan/classical_probe_results.json",
  "family_index_by_ratio_linear": 0,
  "weights": [
    [
      0.716506330549,
      0.283493669451
    ]
  ],
  "stochastic_s": [
    [
      0.21069657669,
      0.019399408484,
      0.769904014826
    ],
    [
      0.088878266452,
      0.867617752133,
      0.043503981414
    ],
    [
      0.35627037812,
      0.065343259905,
      0.578386361975
    ]
  ],
  "records": [
    {
      "a": 0.1,
      "eta": 0.043815763894927834,
      "defect": 0.04555678112355078,
      "ratio_sqrt": 0.21763955887276826,
      "ratio_linear": 1.0397349509367904,
      "rank": 2,
      "eig_cond": 2.049810376514006,
      "r": [
        0.999999998331,
        -1.0,
        0.472512871936
      ],
      "s": [
        -0.999999988896,
        1.0,
        -0.472512864989
      ],
      "p_matrix": [
        [
          0.942082893416,
          -0.020747206156,
          0.07866431274
        ],
        [
          -0.002533389877,
          0.999092482944,
          0.003440906933
        ],
        [
          0.692946428798,
          0.248228947562,
          0.05882462364
        ]
      ]
    },
    {
      "a": 0.03,
      "eta": 0.013925236306970951,
      "defect": 0.014806880678572902,
      "ratio_sqrt": 0.12547646926719455,
      "ratio_linear": 1.0633127045147954,
      "rank": 2,
      "eig_cond": 2.1487877175100247,
      "r": [
        1.0,
        -0.999999989837,
        0.444566286152
      ],
      "s": [
        1.0,
        -0.99999999599,
        0.444566284444
      ],
      "p_matrix": [
        [
          0.983200851854,
          -0.00645924898,
          0.023258397125
        ],
        [
          -0.000885504599,
          0.99965952472,
          0.001225979879
        ],
        [
          0.70990348061,
          0.272956895964,
          0.017139623426
        ]
      ]
    },
    {
      "a": 0.01,
      "eta": 0.00471607944884677,
      "defect": 0.005034683121786943,
      "ratio_sqrt": 0.07331310025397984,
      "ratio_linear": 1.0675568926257342,
      "rank": 2,
      "eig_cond": 2.177880689109927,
      "r": [
        1.0,
        -0.999999950132,
        0.436835546342
      ],
      "s": [
        0.99999995712,
        -1.0,
        0.436835501494
      ],
      "p_matrix": [
        [
          0.994455779202,
          -0.00217304492,
          0.007717265718
        ],
        [
          -0.000306287772,
          0.999879951194,
          0.000426336578
        ],
        [
          0.714348454234,
          0.279987276162,
          0.005664269604
        ]
      ]
    },
    {
      "a": 0.003,
      "eta": 0.001422628906038992,
      "defect": 0.001520495877072087,
      "ratio_sqrt": 0.040312472199298274,
      "ratio_linear": 1.0687930426674548,
      "rank": 2,
      "eig_cond": 2.188140588067046,
      "r": [
        -0.999999978628,
        1.0,
        -0.434156530889
      ],
      "s": [
        1.0,
        -0.99999999549,
        0.434156547491
      ],
      "p_matrix": [
        [
          0.99834257275,
          -0.000653934441,
          0.002311361691
        ],
        [
          -9.3027655e-05,
          0.999963296134,
          0.00012973152
        ],
        [
          0.715863448493,
          0.282442420392,
          0.001694131115
        ]
      ]
    },
    {
      "a": 0.001,
      "eta": 0.0004749529754781779,
      "defect": 0.0005077826561877555,
      "ratio_sqrt": 0.023299819501094894,
      "ratio_linear": 1.0691219602878055,
      "rank": 2,
      "eig_cond": 2.1910789612493216,
      "r": [
        0.999999861957,
        -1.0,
        0.433393573741
      ],
      "s": [
        -1.0,
        0.99999928548,
        -0.433393875102
      ],
      "p_matrix": [
        [
          0.999448080652,
          -0.000218168254,
          0.000770087602
        ],
        [
          -3.1117084e-05,
          0.999987699725,
          4.3417359e-05
        ],
        [
          0.716292461919,
          0.283143318458,
          0.000564219624
        ]
      ]
    },
    {
      "a": 0.0003,
      "eta": 0.0001425639433571946,
      "defect": 0.0001524344273469707,
      "ratio_sqrt": 0.012766687083920574,
      "ratio_linear": 1.0692354865987788,
      "rank": 2,
      "eig_cond": 2.1921081089048844,
      "r": [
        -0.999999700079,
        1.0,
        -0.433126719895
      ],
      "s": [
        0.999999947757,
        -1.0,
        0.433126897373
      ],
      "p_matrix": [
        [
          0.999834482627,
          -6.5470363e-05,
          0.000230987737
        ],
        [
          -9.346425e-06,
          0.999996303024,
          1.3043401e-05
        ],
        [
          0.716442214583,
          0.283388571067,
          0.00016921435
        ]
      ]
    },
    {
      "a": 0.0001,
      "eta": 4.7528747853748136e-05,
      "defect": 5.0820951440681115e-05,
      "ratio_sqrt": 0.007371648266045589,
      "ratio_linear": 1.0692676271856245,
      "rank": 2,
      "eig_cond": 2.1924022189385344,
      "r": [
        1.0,
        -0.999999997703,
        0.433050750151
      ],
      "s": [
        -0.9999997336,
        1.0,
        -0.433050558618
      ],
      "p_matrix": [
        [
          0.999944833107,
          -2.1825346e-05,
          7.6992239e-05
        ],
        [
          -3.11655e-06,
          0.999998767018,
          4.349532e-06
        ],
        [
          0.716484962809,
          0.283458637317,
          5.6399875e-05
        ]
      ]
    }
  ]
}