{
  "source": "agent-B/experiments/null-ideal-probe/simple_r3_family.json",
  "family_index_by_ratio_linear": 0,
  "weights": [
    [
      0.333333333333,
      0.666666666667
    ]
  ],
  "stochastic_s": [
    [
      1.0,
      0.0,
      0.0
    ],
    [
      0.0,
      0.0,
      1.0
    ],
    [
      0.0,
      0.0,
      1.0
    ]
  ],
  "records": [
    {
      "a": 0.1,
      "eta": 0.06000000000000014,
      "defect": 0.07456894773390138,
      "ratio_sqrt": 0.30442645434054355,
      "ratio_linear": 1.24281579556502,
      "rank": 2,
      "eig_cond": 3.3555996678448685,
      "r": [
        1.0,
        -0.999999999984,
        -0.380831519636
      ],
      "s": [
        -0.999999987721,
        1.0,
        0.380831523448
      ],
      "p_matrix": [
        [
          1.0,
          0.0,
          0.0
        ],
        [
          -0.033001790889,
          0.926401432711,
          0.106600358178
        ],
        [
          0.286799283644,
          0.639602149067,
          0.073598567289
        ]
      ]
    },
    {
      "a": 0.03,
      "eta": 0.019400000000000042,
      "defect": 0.0234203980283229,
      "ratio_sqrt": 0.16814865842509197,
      "ratio_linear": 1.207237011769219,
      "rank": 2,
      "eig_cond": 3.3879594666865818,
      "r": [
        1.0,
        -0.999999996341,
        -0.346935940939
      ],
      "s": [
        1.0,
        -0.999999980567,
        -0.346935930316
      ],
      "p_matrix": [
        [
          1.0,
          0.0,
          0.0
        ],
        [
          -0.009991717802,
          0.979392214734,
          0.030599503068
        ],
        [
          0.319802926377,
          0.659589288357,
          0.020607785266
        ]
      ]
    },
    {
      "a": 0.01,
      "eta": 0.006600000000000024,
      "defect": 0.007873186650767819,
      "ratio_sqrt": 0.09691222836015881,
      "ratio_linear": 1.19290706829815,
      "rank": 2,
      "eig_cond": 3.3952643902491246,
      "r": [
        -0.999996569257,
        1.0,
        0.337808641407
      ],
      "s": [
        0.999999999358,
        -1.0,
        -0.337807505714
      ],
      "p_matrix": [
        [
          1.0,
          0.0,
          0.0
        ],
        [
          -0.003333033571,
          0.993266372899,
          0.010066660671
        ],
        [
          0.328866768586,
          0.664399604313,
          0.006733627101
        ]
      ]
    },
    {
      "a": 0.003,
      "eta": 0.0019940000000000257,
      "defect": 0.002367954159083615,
      "ratio_sqrt": 0.05302866742117943,
      "ratio_linear": 1.1875396986377054,
      "rank": 2,
      "eig_cond": 3.397640737371626,
      "r": [
        0.999999873619,
        -1.0,
        -0.334669378037
      ],
      "s": [
        0.999999839857,
        -1.0,
        -0.334669389269
      ],
      "p_matrix": [
        [
          1.0,
          0.0,
          0.0
        ],
        [
          -0.000999991972,
          0.99799399202,
          0.003005999952
        ],
        [
          0.331998002692,
          0.665995989328,
          0.00200600798
        ]
      ]
    },
    {
      "a": 0.001,
      "eta": 0.0006660000000000277,
      "defect": 0.0007898581831822418,
      "ratio_sqrt": 0.030606382912472255,
      "ratio_linear": 1.1859732480213347,
      "rank": 2,
      "eig_cond": 3.398303183253004,
      "r": [
        -0.999999908012,
        1.0,
        0.333778104815
      ],
      "s": [
        0.999999801386,
        -1.0,
        -0.333778140333
      ],
      "p_matrix": [
        [
          1.0,
          0.0,
          0.0
        ],
        [
          -0.000333333037,
          0.999332666371,
          0.001000666666
        ],
        [
          0.332888666766,
          0.666443999605,
          0.000667333629
        ]
      ]
    },
    {
      "a": 0.0003,
      "eta": 0.00019994000000000473,
      "defect": 0.00023701320171943353,
      "ratio_sqrt": 0.01676187868705694,
      "ratio_linear": 1.1854216350876658,
      "rank": 2,
      "eig_cond": 3.398533328982175,
      "r": [
        1.0,
        -0.999999854553,
        -0.333466596362
      ],
      "s": [
        -0.999999780217,
        1.0,
        0.333466766582
      ],
      "p_matrix": [
        [
          1.0,
          0.0,
          0.0
        ],
        [
          -9.9999992e-05,
          0.999799939992,
          0.00030006
        ],
        [
          0.333199980003,
          0.666599959989,
          0.000200060008
        ]
      ]
    },
    {
      "a": 0.0001,
      "eta": 6.665999999999808e-05,
      "defect": 7.900970558136554e-05,
      "ratio_sqrt": 0.00967715704004288,
      "ratio_linear": 1.1852641101315304,
      "rank": 2,
      "eig_cond": 3.3985989226759146,
      "r": [
        0.999999948656,
        -1.0,
        -0.333377797854
      ],
      "s": [
        0.999999992053,
        -1.0,
        -0.33337778339
      ],
      "p_matrix": [
        [
          1.0,
          0.0,
          0.0
        ],
        [
          -3.3333333e-05,
          0.999933326666,
          0.000100006667
        ],
        [
          0.333288886667,
          0.66664444,
          6.6673334e-05
        ]
      ]
    }
  ]
}