{
  "created": "2026-06-11 12:01:48",
  "counts": {
    "verified": 1368,
    "PASS": 573,
    "FAIL_no_hidden_vertex": 735,
    "FAIL_W_empty": 60,
    "frame_lp_fail": 452,
    "frame_trials": 1068,
    "conj_trials": 463
  },
  "best_score": 17.366091016087292,
  "best_record": {
    "label": "sweep_posdiag",
    "params": {
      "a": 0.003,
      "diag": 0.2,
      "edge": 0.0001,
      "L": [
        [
          -0.0035234385764512763,
          0.189198215818196,
          0.8085377232750135,
          0.005787499483241871
        ],
        [
          -0.0031768945527334267,
          0.8261224015091608,
          0.04651676641977343,
          0.1305377266237992
        ],
        [
          -0.003383105200195951,
          0.06757635359486723,
          0.18518977289579983,
          0.7506169787095289
        ]
      ],
      "B": [
        [
          0.2,
          0.0001,
          0.0
        ],
        [
          0.0,
          0.0,
          0.0001
        ],
        [
          0.0001,
          0.0,
          0.0
        ]
      ],
      "lp_success": true,
      "lp_delta": 0.0609060104209605,
      "actual_delta": 0.060906010420960506,
      "Q": [
        [
          0.05036170488979187,
          0.009138438844988021,
          0.0011953444796836818
        ],
        [
          -0.004237047435678242,
          2.6282162882049523e-05,
          0.0001270245545314457
        ],
        [
          0.24900550496121793,
          0.0001573534369114035,
          -2.4514745150416708e-05
        ],
        [
          -0.06069216530443848,
          -0.0,
          -0.0
        ]
      ]
    },
    "n": 7,
    "delta": 0.060906010420960506,
    "row_neg": [
      0.060906010420960506,
      0.00432571887026552,
      0.048707507202101846,
      0.0609060104209605,
      0.0028184331717057477,
      0.003176556242213407,
      0.003382752856338306
    ],
    "idem": {
      "row_sum_resid": 1.1102230246251565e-16,
      "idem_resid": 2.220446049250313e-16,
      "ok": true
    },
    "tau": 0.24679143101201975,
    "rho": 0.987165724048079,
    "kappa": 0.06169785775300494,
    "W": [
      0,
      1,
      2,
      3
    ],
    "nW": 4,
    "vertex_info": {
      "0": {
        "vertex": true,
        "verr": 2.019117430665502,
        "inW": true,
        "dist_to_CW": 0.0,
        "exposed_margin": 0.9964889324543834
      },
      "1": {
        "vertex": true,
        "verr": 0.35467364938567036,
        "inW": true,
        "dist_to_CW": 0.0,
        "exposed_margin": 0.8114660718970519
      },
      "2": {
        "vertex": true,
        "verr": 0.40791667914091573,
        "inW": true,
        "dist_to_CW": 0.0,
        "exposed_margin": 0.8154346311632878
      },
      "3": {
        "vertex": true,
        "verr": 0.5042249873587508,
        "inW": true,
        "dist_to_CW": 0.0,
        "exposed_margin": 0.8698756646682941
      },
      "4": {
        "vertex": true,
        "verr": 0.006829673002279925,
        "inW": false,
        "dist_to_CW": 0.007114228160152251,
        "exposed_margin": 0.01717858904107572
      },
      "5": {
        "vertex": true,
        "verr": 0.005109428578185204,
        "inW": false,
        "dist_to_CW": 0.006414515876603929,
        "exposed_margin": 0.013193290390141216
      },
      "6": {
        "vertex": true,
        "verr": 0.005032847664406268,
        "inW": false,
        "dist_to_CW": 0.006830878916082529,
        "exposed_margin": 0.009676997945297734
      }
    },
    "hidden_vertices": [
      4,
      5,
      6
    ],
    "all_dist_to_CW": [
      0.0,
      0.0,
      0.0,
      0.0,
      0.007114228160152251,
      0.006414515876603929,
      0.006830878916082529
    ],
    "gate": "PASS",
    "v": 4,
    "H": 0.007114228160152251,
    "H_separator": 0.007114228160152836,
    "H_over_delta": 0.11680666835639467,
    "H_over_tau": 0.028826884835421045,
    "sigma_tilde": 0.2001,
    "sigma_tilde_over_tau": 0.810806109350913,
    "outside_CW": [
      4,
      5,
      6
    ],
    "P_vv": 0.2,
    "nu_v": 0.0028184331717057477,
    "phi": [
      -2.01911513590734,
      1.1102230246251565e-16,
      1.1102230246251565e-16,
      3.3306690738754696e-16,
      0.007114228160152836,
      0.0064145158766057975,
      0.006830878916082472
    ],
    "g": [
      2.0262293640674924,
      0.007114228160152725,
      0.007114228160152725,
      0.007114228160152503,
      0.0,
      0.0006997122835470382,
      0.0002833492440703633
    ],
    "Omega": 2.0262293640674924,
    "sep_resid_Pg": 2.8102520310824275e-16,
    "shallow_components": [
      {
        "t": 0.0625070055395989,
        "t_over_kappaOmega": 0.5,
        "component": [
          1,
          2,
          3,
          4,
          5,
          6
        ],
        "size": 6,
        "mass_from_v": 1.0028184331717058,
        "Pi_C": 1.4631093891724293e-06,
        "L": 2,
        "Pi_over_tau": 5.928525894001441e-06,
        "min_edge": 2.6282162882049523e-05
      },
      {
        "t": 0.09376050830939836,
        "t_over_kappaOmega": 0.7500000000000001,
        "component": [
          1,
          2,
          3,
          4,
          5,
          6
        ],
        "size": 6,
        "mass_from_v": 1.0028184331717058,
        "Pi_C": 1.4631093891724293e-06,
        "L": 2,
        "Pi_over_tau": 5.928525894001441e-06,
        "min_edge": 2.6282162882049523e-05
      },
      {
        "t": 0.1250140110791978,
        "t_over_kappaOmega": 1.0,
        "component": [
          1,
          2,
          3,
          4,
          5,
          6
        ],
        "size": 6,
        "mass_from_v": 1.0028184331717058,
        "Pi_C": 1.4631093891724293e-06,
        "L": 2,
        "Pi_over_tau": 5.928525894001441e-06,
        "min_edge": 2.6282162882049523e-05
      }
    ],
    "best_component": {
      "t": 0.0625070055395989,
      "t_over_kappaOmega": 0.5,
      "component": [
        1,
        2,
        3,
        4,
        5,
        6
      ],
      "size": 6,
      "mass_from_v": 1.0028184331717058,
      "Pi_C": 1.4631093891724293e-06,
      "L": 2,
      "Pi_over_tau": 5.928525894001441e-06,
      "min_edge": 2.6282162882049523e-05
    },
    "best_Pi_over_tau": 5.928525894001441e-06
  },
  "best_regime_score": 17.366091016087292,
  "best_regime_record": {
    "label": "sweep_posdiag",
    "params": {
      "a": 0.003,
      "diag": 0.2,
      "edge": 0.0001,
      "L": [
        [
          -0.0035234385764512763,
          0.189198215818196,
          0.8085377232750135,
          0.005787499483241871
        ],
        [
          -0.0031768945527334267,
          0.8261224015091608,
          0.04651676641977343,
          0.1305377266237992
        ],
        [
          -0.003383105200195951,
          0.06757635359486723,
          0.18518977289579983,
          0.7506169787095289
        ]
      ],
      "B": [
        [
          0.2,
          0.0001,
          0.0
        ],
        [
          0.0,
          0.0,
          0.0001
        ],
        [
          0.0001,
          0.0,
          0.0
        ]
      ],
      "lp_success": true,
      "lp_delta": 0.0609060104209605,
      "actual_delta": 0.060906010420960506,
      "Q": [
        [
          0.05036170488979187,
          0.009138438844988021,
          0.0011953444796836818
        ],
        [
          -0.004237047435678242,
          2.6282162882049523e-05,
          0.0001270245545314457
        ],
        [
          0.24900550496121793,
          0.0001573534369114035,
          -2.4514745150416708e-05
        ],
        [
          -0.06069216530443848,
          -0.0,
          -0.0
        ]
      ]
    },
    "n": 7,
    "delta": 0.060906010420960506,
    "row_neg": [
      0.060906010420960506,
      0.00432571887026552,
      0.048707507202101846,
      0.0609060104209605,
      0.0028184331717057477,
      0.003176556242213407,
      0.003382752856338306
    ],