{
  "source": "agent-B/experiments/null-ideal-probe/leading_r3_opt.json",
  "family_index_by_ratio_linear": 0,
  "weights": [
    [
      0.333333595671,
      0.666666404329
    ]
  ],
  "stochastic_s": [
    [
      0.898227448031,
      0.080775016563,
      0.020997535405
    ],
    [
      0.0,
      0.03561765463,
      0.96438234537
    ],
    [
      0.209708513036,
      0.282394472788,
      0.507897014176
    ]
  ],
  "records": [
    {
      "a": 0.1,
      "eta": 0.061907770014071724,
      "defect": 0.07116107045809945,
      "ratio_sqrt": 0.2860025413473364,
      "ratio_linear": 1.1494691287042715,
      "rank": 2,
      "eig_cond": 2.356839197525054,
      "r": [
        0.999999953899,
        -1.0,
        -0.361475583726
      ],
      "s": [
        -0.999999996877,
        1.0,
        0.361475570004
      ],
      "p_matrix": [
        [
          0.999628996241,
          -0.000791062221,
          0.00116206598
        ],
        [
          -0.031254583483,
          0.933358302726,
          0.097896280757
        ],
        [
          0.297867592098,
          0.635119706869,
          0.067012701033
        ]
      ]
    },
    {
      "a": 0.03,
      "eta": 0.019073062762204798,
      "defect": 0.02244768031045589,
      "ratio_sqrt": 0.162540372148317,
      "ratio_linear": 1.1769310776315507,
      "rank": 2,
      "eig_cond": 2.4137212626632403,
      "r": [
        1.0,
        -0.999999944559,
        -0.341622517353
      ],
      "s": [
        1.0,
        -0.999999997976,
        -0.341622553186
      ],
      "p_matrix": [
        [
          0.999820149571,
          -0.000366494012,
          0.000546344441
        ],
        [
          -0.009571454673,
          0.980495565944,
          0.029075888728
        ],
        [
          0.322708878261,
          0.657606837255,
          0.019684284484
        ]
      ]
    },
    {
      "a": 0.01,
      "eta": 0.006405376326257194,
      "defect": 0.007575398439044012,
      "ratio_sqrt": 0.09465273227378568,
      "ratio_linear": 1.1826625093034133,
      "rank": 2,
      "eig_cond": 2.4295633587233127,
      "r": [
        -0.999999810134,
        1.0,
        0.336081213697
      ],
      "s": [
        0.999999997584,
        -1.0,
        -0.336081151471
      ],
      "p_matrix": [
        [
          0.999933369162,
          -0.000134088989,
          0.000200719827
        ],
        [
          -0.003206814937,
          0.993546553175,
          0.009660261762
        ],
        [
          0.329795023436,
          0.663684898901,
          0.006520077663
        ]
      ]
    },
    {
      "a": 0.003,
      "eta": 0.0019266202154570144,
      "defect": 0.0022819891949050226,
      "ratio_sqrt": 0.05198948642193373,
      "ratio_linear": 1.1844520142563286,
      "rank": 2,
      "eig_cond": 2.4350958497215447,
      "r": [
        -0.999999972551,
        1.0,
        0.334155746221
      ],
      "s": [
        1.0,
        -0.999999810184,
        -0.334155610461
      ],
      "p_matrix": [
        [
          0.999979305346,
          -4.1465991e-05,
          6.2160645e-05
        ],
        [
          -0.000963689242,
          0.998069050674,
          0.002894638567
        ],
        [
          0.332272385985,
          0.665775970035,
          0.00195164398
        ]
      ]
    },
    {
      "a": 0.001,
      "eta": 0.0006426836258741751,
      "defect": 0.000761543548839042,
      "ratio_sqrt": 0.030039736987592783,
      "ratio_linear": 1.184943132483256,
      "rank": 2,
      "eig_cond": 2.436676506421589,
      "r": [
        -0.999999996701,
        1.0,
        0.333606969037
      ],
      "s": [
        1.0,
        -0.999999995111,
        -0.333606964678
      ],
      "p_matrix": [
        [
          0.999993034484,
          -1.3939613e-05,
          2.0905129e-05
        ],
        [
          -0.000321384184,
          0.999356835732,
          0.000964548452
        ],
        [
          0.332979895052,
          0.666369975164,
          0.000650129784
        ]
      ]
    },
    {
      "a": 0.0003,
      "eta": 0.000192855160938001,
      "defect": 0.0002285539268942316,
      "ratio_sqrt": 0.01645784829688521,
      "ratio_linear": 1.185106614635566,
      "rank": 2,
      "eig_cond": 2.4372297723263845,
      "r": [
        1.0,
        -0.999995331771,
        -0.333411928319
      ],
      "s": [
        -0.99999944097,
        1.0,
        0.333415226983
      ],
      "p_matrix": [
        [
          0.999997903275,
          -4.19422e-06,
          6.290945e-06
        ],
        [
          -9.6431402e-05,
          0.999807101736,
          0.000289329665
        ],
        [
          0.333227489306,
          0.666577515706,
          0.000194994988
        ]
      ]
    },
    {
      "a": 0.0001,
      "eta": 6.428982251992239e-05,
      "defect": 7.619373422506243e-05,
      "ratio_sqrt": 0.009502724647899358,
      "ratio_linear": 1.1851601270395669,
      "rank": 2,
      "eig_cond": 2.43738785297828,
      "r": [
        0.999999979842,
        -1.0,
        -0.333360224542
      ],
      "s": [
        0.999999213932,
        -1.0,
        -0.333360479835
      ],
      "p_matrix": [
        [
          0.999999300418,
          -1.399248e-06,
          2.09883e-06
        ],
        [
          -3.2145336e-05,
          0.999935705439,
          9.6439897e-05
        ],
        [
          0.333298227248,
          0.666636778609,
          6.4994143e-05
        ]
      ]
    }
  ]
}