{
  "created": "2026-06-11 12:25:31",
  "elapsed_seconds": 118.28955602645874,
  "seed": 1616,
  "warm_start": {
    "label": "sweep_posdiag",
    "gate": "PASS",
    "n": 7,
    "delta": 0.060906010420960506,
    "tau": 0.24679143101201975,
    "rho": 0.987165724048079,
    "kappa": 0.06169785775300494,
    "W": [
      0,
      1,
      2,
      3
    ],
    "v": 4,
    "H": 0.007114228160152251,
    "H_over_tau": 0.028826884835421045,
    "sigma_tilde": 0.2001,
    "sigma_tilde_over_tau": 0.810806109350913,
    "P_vv": 0.2,
    "nu_v": 0.0028184331717057477,
    "best_component": {
      "t": 0.0625070055395989,
      "t_over_kappaOmega": 0.5,
      "component": [
        1,
        2,
        3,
        4,
        5,
        6
      ],
      "size": 6,
      "mass_from_v": 1.0028184331717058,
      "Pi_C": 1.4631093891724293e-06,
      "L": 2,
      "Pi_over_tau": 5.928525894001441e-06,
      "min_edge": 2.6282162882049523e-05
    }
  },
  "scale_search": {
    "best": {
      "label": "scale_basinhopping_result",
      "gate": "PASS",
      "n": 7,
      "delta": 0.22934355220103006,
      "tau": 0.47889826915643585,
      "rho": 1.9155930766257434,
      "kappa": 0.11972456728910896,
      "W": [
        0,
        1,
        2,
        3
      ],
      "v": 4,
      "H": 0.007301962241922243,
      "H_over_tau": 0.015247418318684714,
      "sigma_tilde": 0.7534830220899305,
      "sigma_tilde_over_tau": 1.5733676035563189,
      "delta_over_sigma2": 0.4039611434494771,
      "P_vv": 0.7531064688555027,
      "nu_v": 0.0008687179219915285,
      "best_component": {
        "t": 0.1244955071950974,
        "t_over_kappaOmega": 0.5,
        "component": [
          1,
          2,
          3,
          4,
          5,
          6
        ],
        "size": 6,
        "mass_from_v": 1.0008687179219915,
        "Pi_C": 2.0923218033333456e-05,
        "L": 2,
        "Pi_over_tau": 4.369031876057736e-05,
        "min_edge": 9.896633440992739e-05
      },
      "barrier_crossed": 1,
      "scale": 3.7655323442775135
    },
    "transitions": [
      {
        "left": 3.756713426853707,
        "right": 3.766933867735471
      }
    ],
    "threshold_roots": [
      {
        "transition": {
          "left": 3.756713426853707,
          "right": 3.766933867735471
        },
        "row": 1,
        "scale": 3.765532370010934
      }
    ],
    "num_records": 505
  },
  "slsqp": {
    "optimizer": {
      "method": "SLSQP",
      "success": 0,
      "status": 9,
      "message": "Iteration limit reached",
      "fun": 0.29998893356761647,
      "nit": 5
    },
    "best": {
      "label": "slsqp_start",
      "gate": "PASS",
      "n": 7,
      "delta": 0.22934355220103006,
      "tau": 0.47889826915643585,
      "rho": 1.9155930766257434,
      "kappa": 0.11972456728910896,
      "W": [
        0,
        1,
        2,
        3
      ],
      "v": 4,
      "H": 0.007301962241922182,
      "H_over_tau": 0.015247418318684588,
      "sigma_tilde": 0.7534830220899306,
      "sigma_tilde_over_tau": 1.573367603556319,
      "delta_over_sigma2": 0.4039611434494769,
      "P_vv": 0.7531064688555028,
      "nu_v": 0.0008687179219915283,
      "best_component": {
        "t": 0.1244955071950974,
        "t_over_kappaOmega": 0.5,
        "component": [
          1,
          2,
          3,
          4,
          5,
          6
        ],
        "size": 6,
        "mass_from_v": 1.0008687179219915,
        "Pi_C": 2.0923218033333456e-05,
        "L": 2,
        "Pi_over_tau": 4.369031876057736e-05,
        "min_edge": 9.896633440992739e-05
      },
      "barrier_crossed": 1
    }
  },
  "perturbations": {
    "trials": 80,
    "best": {
      "label": "perturb_w15_scale",
      "gate": "PASS",
      "n": 7,
      "delta": 0.22840025035566297,
      "tau": 0.4779123877403294,
      "rho": 1.9116495509613176,
      "kappa": 0.11947809693508235,
      "W": [
        0,
        1,
        2,
        3
      ],
      "v": 4,
      "H": 0.0075670786660321536,
      "H_over_tau": 0.01583361063690125,
      "sigma_tilde": 0.7768728655109876,
      "sigma_tilde_over_tau": 1.625554987566249,
      "delta_over_sigma2": 0.37843968308661874,
      "P_vv": 0.7665718403047566,
      "nu_v": 0.006256602977531618,
      "best_component": {
        "t": 0.12024259258997963,
        "t_over_kappaOmega": 0.5,
        "component": [
          1,
          2,
          3,
          4,
          5,
          6
        ],
        "size": 6,
        "mass_from_v": 1.0062566029775317,
        "Pi_C": 4.319155488632299e-05,
        "L": 3,
        "Pi_over_tau": 9.03754662869104e-05,
        "min_edge": 0.0036089806513057844
      },
      "barrier_crossed": 1
    }
  },
  "random_by_shape": {
    "n6_k3": {
      "counts": {
        "FAIL_no_hidden_vertex": 20
      },
      "best": null
    },
    "n7_k4": {
      "counts": {
        "FAIL_no_hidden_vertex": 18,
        "PASS": 2
      },
      "best": {
        "label": "random_direct_LB",
        "gate": "PASS",
        "n": 7,
        "delta": 0.04799534482402057,
        "tau": 0.21907839880741453,
        "rho": 0.8763135952296581,
        "kappa": 0.05476959970185363,
        "W": [
          0,
          1,
          2,
          3
        ],
        "v": 4,
        "H": 0.04827229909048073,
        "H_over_tau": 0.22034257760353412,
        "sigma_tilde": 0.0,
        "sigma_tilde_over_tau": 0.0,
        "delta_over_sigma2": null,
        "P_vv": -0.019471471801341563,
        "nu_v": 0.044171562931257326,
        "best_component": {
          "t": 0.0841238040773107,
          "t_over_kappaOmega": 0.7499999999999999,
          "component": [
            1,
            2,
            3,
            6
          ],
          "size": 4,
          "mass_from_v": 1.0441715629312576,
          "Pi_C": 4.937002999029566e-06,
          "L": 2,
          "Pi_over_tau": 2.2535325371669996e-05,
          "min_edge": 7.821185644110139e-05
        },
        "barrier_crossed": 0
      }
    },
    "n8_k4": {
      "counts": {
        "FAIL_no_hidden_vertex": 20
      },
      "best": null
    },
    "n10_k4": {
      "counts": {
        "FAIL_no_hidden_vertex": 20
      },
      "best": null
    },
    "n12_k4": {
      "counts": {
        "FAIL_no_hidden_vertex": 19,
        "PASS": 1
      },
      "best": {
        "label": "random_direct_LB",
        "gate": "PASS",
        "n": 12,
        "delta": 0.04076972587814011,
        "tau": 0.20191514524210438,
        "rho": 0.8076605809684175,
        "kappa": 0.050478786310526096,
        "W": [
          0,
          1,
          2,
          3
        ],
        "v": 7,
        "H": 0.07504863780214342,
        "H_over_tau": 0.37168404436505786,
        "sigma_tilde": 0.0008407447771927514,
        "sigma_tilde_over_tau": 0.0041638519794276185,
        "delta_over_sigma2": 57677.89939837449,
        "P_vv": 0.00016000176158410627,
        "nu_v": 0.04076972587814011,
        "best_component": {
          "t": 0.0788511813758419,
          "t_over_kappaOmega": 0.7499999999999999,
          "component": [
            0,
            1,
            3,
            6,
            7,
            10
          ],
          "size": 6,
          "mass_from_v": 1.0405219286444052,
          "Pi_C": 4.881383999435557e-06,
          "L": 2,
          "Pi_over_tau": 2.4175422767730378e-05,
          "min_edge": 0.00016000176158410627
        },
        "barrier_crossed": 0
      }
    }
  },
  "best_overall": {
    "label": "perturb_w15_scale",
    "gate": "PASS",
    "n": 7,
    "delta": 0.22840025035566297,
    "tau": 0.4779123877403294,
    "rho": 1.9116495509613176,
    "kappa": 0.11947809693508235,
    "W": [
      0,
      1,
      2,
      3
    ],
    "v": 4,
    "H": 0.0075670786660321536,
    "H_over_tau": 0.01583361063690125,
    "sigma_tilde": 0.7768728655109876,
    "sigma_tilde_over_tau": 1.625554987566249,
    "delta_over_sigma2": 0.37843968308661874,