{
  "rank_chart_n3k2": {
    "P": [
      [
        "-q1_1*x1_1 + 1",
        "q1_1*x1_1 - q1_1",
        "q1_1"
      ],
      [
        "-q2_1*x1_1",
        "q2_1*x1_1 - q2_1 + 1",
        "q2_1"
      ],
      [
        "-q1_1*x1_1**2 + q2_1*x1_1**2 - q2_1*x1_1 + x1_1",
        "q1_1*x1_1**2 - q1_1*x1_1 - q2_1*x1_1**2 + 2*q2_1*x1_1 - q2_1 - x1_1 + 1",
        "q1_1*x1_1 - q2_1*x1_1 + q2_1"
      ]
    ],
    "row2_affine_relation_residual": [
      "0",
      "0",
      "0"
    ],
    "idempotence_residual": [
      [
        "0",
        "0",
        "0"
      ],
      [
        "0",
        "0",
        "0"
      ],
      [
        "0",
        "0",
        "0"
      ]
    ],
    "rowsum_residual": [
      "0",
      "0",
      "0"
    ],
    "exposure_argument": "All rows lie on the affine line p(lambda)=lambda*p0+(1-lambda)*p1 with lambdas {1,0,x}.  The row-polytope endpoints are the min/max lambda rows.  The endpoint coordinate h=(lambda-lambda_min)/Dlambda is affine, lies in [0,1] on all rows, and h >= rho/D on rows at l1-distance at least rho. Since every signed row has l1 norm <= 1+2 delta, D <= 2+4 delta, so for delta<=1/4 and rho=4 tau, the margin is >= 4 tau/(2+4 delta) >= 4 tau/3 > tau/4=kappa.",
    "sos_certificate_degree2": "delta - c*H = tau^2 - c*0 = tau^2"
  },
  "sample_n3k2": {
    "num_kept": 8,
    "worst": {
      "delta": 0.23518932783898916,
      "tau": 0.48496322318191215,
      "kappa": 0.12124080579547804,
      "endpoints": [
        1,
        0
      ],
      "margins": [
        1.0,
        1.0
      ],
      "min_margin_over_kappa": 8.248048117454012
    },
    "samples": [
      {
        "delta": 0.17129406992049717,
        "tau": 0.4138768777311644,
        "kappa": 0.1034692194327911,
        "endpoints": [
          1,
          2
        ],
        "margins": [
          1.0,
          1.0
        ],
        "min_margin_over_kappa": 9.66471000247136
      },
      {
        "delta": 0.03173605738843876,
        "tau": 0.17814616860443214,
        "kappa": 0.044536542151108034,
        "endpoints": [
          1,
          0
        ],
        "margins": [
          1.0,
          0.9715123554354718
        ],
        "min_margin_over_kappa": 21.813825423159873
      },
      {
        "delta": 0.20631975366778144,
        "tau": 0.4542243428833173,
        "kappa": 0.11355608572082933,
        "endpoints": [
          1,
          0
        ],
        "margins": [
          1.0,
          1.0
        ],
        "min_margin_over_kappa": 8.80622111665982
      },
      {
        "delta": 0.22660924610376743,
        "tau": 0.4760349210969374,
        "kappa": 0.11900873027423435,
        "endpoints": [
          2,
          0
        ],
        "margins": [
          1.0,
          0.9969685744043015
        ],
        "min_margin_over_kappa": 8.377272592581784
      },
      {
        "delta": 0.06289945380543815,
        "tau": 0.25079763516715653,
        "kappa": 0.06269940879178913,
        "endpoints": [
          1,
          0
        ],
        "margins": [
          1.0,
          0.9333399161475745
        ],
        "min_margin_over_kappa": 14.885944447211454
      },
      {
        "delta": 0.23045401719107672,
        "tau": 0.48005626460976086,
        "kappa": 0.12001406615244022,
        "endpoints": [
          1,
          0
        ],
        "margins": [
          1.0,
          1.0
        ],
        "min_margin_over_kappa": 8.332356631678605
      },
      {
        "delta": 0.23518932783898916,
        "tau": 0.48496322318191215,
        "kappa": 0.12124080579547804,
        "endpoints": [
          1,
          0
        ],
        "margins": [
          1.0,
          1.0
        ],
        "min_margin_over_kappa": 8.248048117454012
      },
      {
        "delta": 0.17714835133035198,
        "tau": 0.42088995156733305,
        "kappa": 0.10522248789183326,
        "endpoints": [
          2,
          0
        ],
        "margins": [
          1.0,
          0.9566892929069343
        ],
        "min_margin_over_kappa": 9.092061137067894
      }
    ]
  },
  "n4k3_first_hidden_witness": {
    "chart": "n=4,k=3 with L=[I_3; X], B=[I_3-QX,Q]",
    "variables": [
      "x1_1",
      "x1_2",
      "q1_1",
      "q2_1",
      "q3_1"
    ],
    "rational_parameters": [
      "-1/136",
      "29/181",
      "7/72",
      "-26/149",
      "13/132"
    ],
    "P_frac": [
      [
        "9799/9792",
        "-203/13032",
        "-16219/196928",
        "7/72"
      ],
      [
        "-13/10132",
        "27723/26969",
        "271089/1833892",
        "-26/149"
      ],
      [
        "13/17952",
        "-377/23892",
        "992741/1083104",
        "13/132"
      ],
      [
        "-2745822823/395064350208",
        "79628861867/525784171968",
        "6362071480891/7945183043072",
        "159062105/2904884928"
      ]
    ],
    "P_decimal": [
      [
        1.0007148692810457,
        -0.015577041129527317,
        -0.08236005037374067,
        0.09722222222222222
      ],
      [
        -0.0012830635609948676,
        1.0279580258815677,
        0.14782168197472917,
        -0.174496644295302
      ],
      [
        0.0007241532976827094,
        -0.015779340364975723,
        0.9165703385824445,
        0.09848484848484848
      ],
      [
        -0.00695031789518425,
        0.15144781093152865,
        0.8007457407087137,
        0.054756766254941996
      ]
    ],
    "negative_masses_frac": [
      "959/9792",
      "1781/10132",
      "377/23892",
      "2745822823/395064350208"
    ],
    "delta_frac": "1781/10132",
    "idempotence_residual_exact": [
      [
        "0",
        "0",
        "0",
        "0"
      ],
      [
        "0",
        "0",
        "0",
        "0"
      ],
      [
        "0",
        "0",
        "0",
        "0"
      ],
      [
        "0",
        "0",
        "0",
        "0"
      ]
    ],
    "rowsum_residual_exact": [
      "0",
      "0",
      "0",
      "0"
    ],
    "classification": {
      "delta": 0.17577970785629687,
      "tau": 0.4192609066634962,
      "rho": 1.6770436266539848,
      "kappa": 0.10481522666587405,
      "vertices": [
        0,
        1,
        2,
        3
      ],
      "visible": [
        0,
        1,
        2
      ],
      "hidden": [
        3
      ],
      "margins": {
        "0": 0.9927007299270072,
        "1": 0.8409485018348997,
        "2": 1.0,
        "3": 0.045892494929005614
      },
      "far_sets": {
        "0": [
          1,
          2,
          3
        ],
        "1": [
          0,
          2,
          3
        ],
        "2": [
          0,
          1
        ],
        "3": [
          0,
          1
        ]
      },
      "distances_to_conv_visible": {
        "0": 0.0,
        "1": 0.0,
        "2": 0.0,
        "3": 0.01470575154450142
      },
      "H": 0.01470575154450142,
      "H_over_tau": 0.035075417981444264
    },
    "exactness_note": "The parameters are rational in the rank chart, so BL=I, P^2=P, and P1=1 hold exactly over Q."
  },
  "groebner": [
    {
      "n": 2,
      "k": 1,
      "num_variables_after_rowsum": 2,
      "num_input_polynomials": 5,
      "num_groebner_polynomials": 1,
      "leading_monomials": [
        "p11"
      ],
      "standard_monomial_counts_by_degree": {
        "0": 1,
        "1": 1,
        "2": 1,
        "3": 1,
        "4": 1
      },
      "standard_monomial_examples_by_degree": {
        "0": [
          "1"
        ],
        "1": [
          "p21"
        ],
        "2": [
          "p21^2"
        ],
        "3": [
          "p21^3"
        ],
        "4": [
          "p21^4"
        ]
      }
    },
    {
      "n": 3,
      "k": 1,
      "num_variables_after_rowsum": 6,
      "num_input_polynomials": 10,
      "num_groebner_polynomials": 4,
      "leading_monomials": [
        "p11",
        "p12",
        "p21",
        "p22"
      ],
      "standard_monomial_counts_by_degree": {
        "0": 1,